Matrikel,Nachname,Vorname,Email,Studiengang,Abschluss,Regelstudienzeit,Imma,Exma,Semester
3235012,Braune,Angela,ab67xoaa@studserv.uni-leipzig.de,Bioinformatik,Master of Science,4,2014,2016,4
3586735,Heintz,Moritz,mh93ozkd@studserv.uni-leipzig.de,Informatik,Bachelor of Science,6,2014,2018,7
3505393,Fuerst,Nancy,nf17qhbl@studserv.uni-leipzig.de,Informatik,Bachelor of Science,6,2014,2018,8
3872457,Enders,Helmut,he83swnr@studserv.uni-leipzig.de,Informatik,Bachelor of Science,6,2015,2018,6
2605501,Koeppl,Jochen,jk61jeuj@studserv.uni-leipzig.de,Informatik,Bachelor of Science,6,2014,2017,6
3117865,Droste,Georg,gd0blig@studserv.uni-leipzig.de,Informatik,Bachelor of Science,6,2016,NA,6
2437173,Jacobs,Johannes,jj56evae@studserv.uni-leipzig.de,Informatik,Bachelor of Science,6,2016,NA,6
3412240,Schaefer,Herbert,hs34aerf@studserv.uni-leipzig.de,Informatik,Master of Science,4,2014,2016,4
3463005,Huhn,Rainer,rh43dbrv@studserv.uni-leipzig.de,Informatik,Master of Science,4,2014,2016,4
2966322,Lindner,Klaus,kl41sjiz@studserv.uni-leipzig.de,Informatik,Master of Science,4,2015,2017,4
3685487,Reichart,Christina,cr97zbwq@studserv.uni-leipzig.de,Informatik,Master of Science,4,2015,2018,6
3324518,John,Elisabeth,ej46dtfe@studserv.uni-leipzig.de,Informatik,Bachelor of Science,6,2014,2018,8
3076570,Hoffmann,Viktor,vh65anhv@studserv.uni-leipzig.de,Informatik,Bachelor of Science,6,2014,2017,6
3454077,Oldenburg,Irene,io32dmzw@studserv.uni-leipzig.de,Lehramt an Gymnasien Informatik,Staatsexamen,10,2014,NA,10
3130637,Burghardt,Willi,wb40mwhn@studserv.uni-leipzig.de,Informatik,Bachelor of Science,6,2014,2018,7
2892549,Wolff,Andreas,aw14klgy@studserv.uni-leipzig.de,Informatik,Master of Science,4,2014,2016,4
3680113,Henze,Leonhard,lh25wtez@studserv.uni-leipzig.de,Informatik,Bachelor of Science,6,2014,2018,8
2776856,Moser,Rainer,rm60fzuq@studserv.uni-leipzig.de,Wirtschaftsinformatik,Master of Science,4,2014,2016,4
3867811,Hansen,Tatjana,th33pkpk@studserv.uni-leipzig.de,Wirtschaftsinformatik,Bachelor of Science,6,2014,2017,6
3899411,Temme,Wieland,wt48ebgn@studserv.uni-leipzig.de,Wirtschaftsinformatik,Bachelor of Science,6,2014,2018,7
3392138,Weichert,Erika,ew57jpnt@studserv.uni-leipzig.de,Wirtschaftsinformatik,Bachelor of Science,6,2014,2018,8
2757371,Scheidt,Berthold,bs65uzhi@studserv.uni-leipzig.de,Wirtschaftsinformatik,Bachelor of Science,6,2014,2017,6
3161504,Vetter,Renate,rv40bwur@studserv.uni-leipzig.de,Wirtschaftsinformatik,Bachelor of Science,6,2015,2018,6
2473641,Roedel,Caroline,cr45nphm@studserv.uni-leipzig.de,Informatik,Bachelor of Science,6,2014,2017,6
2905144,Fechner,Marko,mf44imqt@studserv.uni-leipzig.de,Wirtschaftsinformatik,Bachelor of Science,6,2015,2018,6
2586804,Wiegand,Margarete,mw78rgij@studserv.uni-leipzig.de,Informatik,Bachelor of Science,6,2014,2018,7
2843267,Hofmann,Manfred,mh78vfuu@studserv.uni-leipzig.de,Informatik,Bachelor of Science,6,2015,2018,6
2730205,Ritter,Ingo,ir32htcq@studserv.uni-leipzig.de,Informatik,Master of Science,4,2014,2016,4
3599762,Walter,Alfred,aw10qoop@studserv.uni-leipzig.de,Informatik,Bachelor of Science,6,2014,2017,6
3714685,Neubauer,Felix,fn44hhgx@studserv.uni-leipzig.de,Informatik,Bachelor of Science,6,2015,2018,6
3514431,Wirtz,Margot,mw32zwrx@studserv.uni-leipzig.de,Informatik,Master of Science,4,2014,2016,4
3503118,Majewski,Thorsten,tm54nltp@studserv.uni-leipzig.de,Informatik,Master of Science,4,2014,2016,4
3478878,Schreiner,Bernd,bs53owhv@studserv.uni-leipzig.de,Informatik,Master of Science,4,2015,2017,4
2602743,Wolf,Karlheinz,kw71pwjw@studserv.uni-leipzig.de,Informatik,Bachelor of Science,6,2014,2018,8
3869176,Brandt,Peter,pb4lubk@studserv.uni-leipzig.de,Wirtschaftsinformatik,Bachelor of Science,6,2014,2018,7
3069997,Keller,Erwin,ek36tsqq@studserv.uni-leipzig.de,Lehramt an Gymnasien Informatik,Staatsexamen,10,2015,NA,8
3448296,Engelhardt,Christine,ce33dzmn@studserv.uni-leipzig.de,Lehramt an Gymnasien Informatik,Staatsexamen,10,2014,NA,10
3408777,Seibert,Irene,is98annv@studserv.uni-leipzig.de,Lehramt an Gymnasien Informatik,Staatsexamen,10,2016,NA,6
3525505,Riedel,Josef,jr70ewkn@studserv.uni-leipzig.de,Bioinformatik,Master of Science,4,2015,2017,4
3795904,Hofmann,Bernhard,bh5bbjb@studserv.uni-leipzig.de,Bioinformatik,Master of Science,4,2014,2016,4
3438844,Krause,Franz,fk65dhwj@studserv.uni-leipzig.de,Bioinformatik,Master of Science,4,2015,2018,5
3200672,Adams,Hans-Joerg,ha36ynjv@studserv.uni-leipzig.de,Wirtschaftsinformatik,Bachelor of Science,6,2015,2018,6
3642072,Czech,Erika,ec21paxs@studserv.uni-leipzig.de,Bioinformatik,Master of Science,4,2014,2016,4
3828938,Gerlach,Paul,pg57dslb@studserv.uni-leipzig.de,Bioinformatik,Master of Science,4,2015,2017,4
2627020,Albers,Klaus,ka40zwcx@studserv.uni-leipzig.de,Bioinformatik,Master of Science,4,2016,2018,4
3859652,Hoppe,Ines,ih96vrll@studserv.uni-leipzig.de,Informatik,Bachelor of Science,6,2015,2018,6
3221360,Hofmann,Jens,jh58jsun@studserv.uni-leipzig.de,Wirtschaftsinformatik,Master of Science,4,2014,2016,4
3443794,Pelz,Franz,fp36bbzm@studserv.uni-leipzig.de,Wirtschaftsinformatik,Bachelor of Science,6,2014,2017,6
2358738,Simon,Isolde,is24lyzk@studserv.uni-leipzig.de,Informatik,Bachelor of Science,6,2015,2018,6
2990589,Denker,Stefan,sd84noph@studserv.uni-leipzig.de,Informatik,Bachelor of Science,6,2016,NA,6
3752996,Wagner,Gregor,gw71qlyw@studserv.uni-leipzig.de,Informatik,Bachelor of Science,6,2014,2017,6
2466075,Kress,Heinz-Werner,hk45ldbk@studserv.uni-leipzig.de,Informatik,Bachelor of Science,6,2014,2017,6
3542883,Weyers,Frida,fw62yahh@studserv.uni-leipzig.de,Wirtschaftsinformatik,Master of Science,4,2014,2016,4
3907982,Marquardt,Ulrike,um26fcas@studserv.uni-leipzig.de,Wirtschaftsinformatik,Bachelor of Science,6,2015,2018,6
3891733,Grundmann,Magdalena,mg20pnyq@studserv.uni-leipzig.de,Informatik,Bachelor of Science,6,2014,2018,7
2832324,Beer,Stefan,sb97jges@studserv.uni-leipzig.de,Informatik,Bachelor of Science,6,2015,2018,6
2378305,Bucher,Sonja,sb43ijhu@studserv.uni-leipzig.de,Informatik,Bachelor of Science,6,2015,2018,6
2700059,Trautmann,Klaus,kt73iiar@studserv.uni-leipzig.de,Informatik,Master of Science,4,2014,2016,4
3781410,Kuhlmann,Horst,hk82rirp@studserv.uni-leipzig.de,Wirtschaftsinformatik,Master of Science,4,2014,2016,4
2677700,Freitag,Stephanie,sf11erts@studserv.uni-leipzig.de,Wirtschaftsinformatik,Bachelor of Science,6,2014,2017,6
3770259,Lindner,Martin,ml94ylta@studserv.uni-leipzig.de,Wirtschaftsinformatik,Bachelor of Science,6,2015,2018,6
2364012,Michel,Katharina,km80lklh@studserv.uni-leipzig.de,Wirtschaftsinformatik,Bachelor of Science,6,2014,2018,8
2370608,Hager,Kristin,kh88xgwd@studserv.uni-leipzig.de,Informatik,Bachelor of Science,6,2014,2017,6
2795965,Vogel,Claudia,cv51qhht@studserv.uni-leipzig.de,Informatik,Bachelor of Science,6,2014,2017,6
3386891,Schneider,Wolfgang,ws66nwfg@studserv.uni-leipzig.de,Informatik,Bachelor of Science,6,2015,2018,6
3289782,Maus,Bernhard,bm79ixoc@studserv.uni-leipzig.de,Informatik,Bachelor of Science,6,2014,2017,6
3347103,Lehmann,Christa,cl42nuuk@studserv.uni-leipzig.de,Informatik,Bachelor of Science,6,2014,2018,8
3809552,Laue,Hermann,hl29fqsc@studserv.uni-leipzig.de,Bioinformatik,Master of Science,4,2015,2017,4
2959576,Hoffmann,Peter,ph15fesv@studserv.uni-leipzig.de,Lehramt an Gymnasien Informatik,Staatsexamen,10,2014,NA,10
2762308,Juenemann,Ernestine,ej4efui@studserv.uni-leipzig.de,Lehramt an Gymnasien Informatik,Staatsexamen,10,2016,NA,6
2816879,Zeh,Ute,uz53abse@studserv.uni-leipzig.de,Lehramt an Gymnasien Informatik,Staatsexamen,10,2014,NA,10
3070251,Breuer,Hans-Juergen,hb1uodv@studserv.uni-leipzig.de,Wirtschaftspädagogik,Bachelor of Science,6,2016,NA,6
3805566,Burger,Daniel,db21qqiu@studserv.uni-leipzig.de,Bioinformatik,Master of Science,4,2014,2016,4
3604547,Schneider,Manfred,ms84lbmb@studserv.uni-leipzig.de,Bioinformatik,Master of Science,4,2015,2018,6
3353318,Kopf,Manuela,mk25rxnb@studserv.uni-leipzig.de,Informatik,Bachelor of Science,6,2016,NA,6
3006293,Michael,Manuela,mm22jflh@studserv.uni-leipzig.de,Wirtschaftsinformatik,Bachelor of Science,6,2014,2018,8
3161798,Blume,Hans,hb1jlws@studserv.uni-leipzig.de,Wirtschaftsinformatik,Bachelor of Science,6,2014,2017,6
3710449,Senger,Christa,cs49hkcg@studserv.uni-leipzig.de,Wirtschaftsinformatik,Bachelor of Science,6,2014,2018,8
3079803,Paul,Veronika,vp30xmml@studserv.uni-leipzig.de,Wirtschaftsinformatik,Bachelor of Science,6,2016,NA,6
3743614,Hoffmann,Helga,hh5vums@studserv.uni-leipzig.de,Wirtschaftsinformatik,Bachelor of Science,6,2015,2018,6
3219148,Kraus,Heinrich,hk26nflv@studserv.uni-leipzig.de,Wirtschaftsinformatik,Bachelor of Science,6,2014,2018,8
2390465,Schroeder,Dieter,ds30vpbz@studserv.uni-leipzig.de,Informatik,Bachelor of Science,6,2015,2018,6
2513594,Thomas,Rita,rt57cyvz@studserv.uni-leipzig.de,Informatik,Bachelor of Science,6,2015,2018,6
2683788,Holz,Joachim,jh51pqbn@studserv.uni-leipzig.de,Informatik,Bachelor of Science,6,2015,2018,6
3058961,Dick,Wolfgang,wd74rbio@studserv.uni-leipzig.de,Informatik,Bachelor of Science,6,2014,2017,6
2831427,Paul,Margrit,mp86fhcu@studserv.uni-leipzig.de,Wirtschaftsinformatik,Master of Science,4,2016,2018,4
3073635,Fink,Gerti,gf73gvdc@studserv.uni-leipzig.de,Informatik,Bachelor of Science,6,2014,2018,8
2790269,Jacob,Stefan,sj70tvgx@studserv.uni-leipzig.de,Wirtschaftsinformatik,Bachelor of Science,6,2015,2018,6
3100822,Winkler,Stephan,sw79ktvc@studserv.uni-leipzig.de,Wirtschaftsinformatik,Bachelor of Science,6,2016,NA,6
3590353,Voss,Kurt,kv48fvft@studserv.uni-leipzig.de,Informatik,Bachelor of Science,6,2014,2018,7
3011223,Pfeffer,Toni,tp0caso@studserv.uni-leipzig.de,Informatik,Master of Science,4,2014,2016,4
2753240,Maier,Anton,am31abos@studserv.uni-leipzig.de,Informatik,Master of Science,4,2015,2018,5
2408380,Decker,Karola,kd52ohte@studserv.uni-leipzig.de,Informatik,Bachelor of Science,6,2014,2017,6
3599101,Schwarz,Franz,fs11ivax@studserv.uni-leipzig.de,Informatik,Bachelor of Science,6,2014,2017,6
2545874,Wiese,Silvia,sw38ckft@studserv.uni-leipzig.de,Informatik,Bachelor of Science,6,2015,2018,6
3136010,Moellmann,Mathias,mm75uwue@studserv.uni-leipzig.de,Wirtschaftsinformatik,Bachelor of Science,6,2014,2018,8
3833307,Roehl,Sabine,sr84obqf@studserv.uni-leipzig.de,Informatik,Bachelor of Science,6,2014,2018,7
2480715,Bohlen,Astrid,ab16uzdc@studserv.uni-leipzig.de,Informatik,Bachelor of Science,6,2014,2017,6
2540926,Fritz,Klaus,kf12zwhy@studserv.uni-leipzig.de,Informatik,Bachelor of Science,6,2014,2017,6
3826987,Heise,Anneliese,ah12knlp@studserv.uni-leipzig.de,Wirtschaftsmathematik,Diplom,9,2014,2018,8
2758233,Fischer,Juergen,jf24lnso@studserv.uni-leipzig.de,Wirtschaftsinformatik,Master of Science,4,2015,2017,4
3804930,Schreyer,Danilo,ds33wahg@studserv.uni-leipzig.de,Wirtschaftsinformatik,Bachelor of Science,6,2014,2018,8
3660069,Valentin,Hilde,hv98ghnz@studserv.uni-leipzig.de,Wirtschaftsinformatik,Master of Science,4,2015,2018,5
3614173,Preuss,Sabine,sp91diff@studserv.uni-leipzig.de,Informatik,Bachelor of Science,6,2014,2018,8
3300253,Jaeger,Jens,jj55orbt@studserv.uni-leipzig.de,Informatik,Bachelor of Science,6,2014,2018,8
3865100,Wolf,Anni,aw38pvpm@studserv.uni-leipzig.de,Informatik,Bachelor of Science,6,2015,2018,6
3415052,Stein,Silvia,ss66haxh@studserv.uni-leipzig.de,Informatik,Bachelor of Science,6,2014,2018,8
3168118,Prange,Manfred,mp9enuv@studserv.uni-leipzig.de,Informatik,Bachelor of Science,6,2015,2018,6
2842724,Schubert,Marianne,ms15xkgr@studserv.uni-leipzig.de,Informatik,Bachelor of Science,6,2014,2017,6
2454758,Kuhn,Helene,hk50eame@studserv.uni-leipzig.de,Informatik,Bachelor of Science,6,2014,2017,6
3191517,Doell,Ludmilla,ld4gusy@studserv.uni-leipzig.de,Informatik,Bachelor of Science,6,2014,2017,6
3449223,Hennig,Frank,fh28bzdf@studserv.uni-leipzig.de,Informatik,Bachelor of Science,6,2014,2017,6
3535940,Timm,Otto,ot12ajja@studserv.uni-leipzig.de,Informatik,Bachelor of Science,6,2014,2017,6
3504607,Koch,Manuela,mk89yhvq@studserv.uni-leipzig.de,Informatik,Bachelor of Science,6,2015,2018,6
3463013,Kuehnert,Sonja,sk31mkin@studserv.uni-leipzig.de,Informatik,Bachelor of Science,6,2015,2018,6
2844172,Sommer,Norbert,ns96rjvy@studserv.uni-leipzig.de,Informatik,Bachelor of Science,6,2014,2017,6
3513182,Wimmer,Josef,jw47owiz@studserv.uni-leipzig.de,Informatik,Bachelor of Science,6,2014,2018,7
3130430,Hertlein,Helene,hh68kntp@studserv.uni-leipzig.de,Informatik,Bachelor of Science,6,2014,2018,7
3179540,Gruber,Stefan,sg33oiqi@studserv.uni-leipzig.de,Wirtschaftsinformatik,Bachelor of Science,6,2015,2018,6
2627313,Schwanke,Friedrich,fs38ukdd@studserv.uni-leipzig.de,Informatik,Bachelor of Science,6,2014,2018,8
3841187,Kraft,Johanna,jk28fgyb@studserv.uni-leipzig.de,Wirtschaftsinformatik,Master of Science,4,2015,2018,5
3635443,Beck,Petra,pb99czxe@studserv.uni-leipzig.de,Informatik,Bachelor of Science,6,2014,2018,8
3334212,Strauss,Horst,hs23kksh@studserv.uni-leipzig.de,Wirtschaftsinformatik,Bachelor of Science,6,2014,2017,6
3251958,Otte,Luitgard,lo56kzmy@studserv.uni-leipzig.de,Informatik,Master of Science,4,2014,2016,4
3304557,Mattes,Elly,em45rmwa@studserv.uni-leipzig.de,Informatik,Master of Science,4,2016,2018,4
3545630,Hennig,Harald,hh40gati@studserv.uni-leipzig.de,Informatik,Master of Science,4,2016,2018,4
3471945,Bell,Falk,fb63dcgo@studserv.uni-leipzig.de,Informatik,Bachelor of Science,6,2015,2018,6
2655195,Schlueter,Dieter,ds45wiqo@studserv.uni-leipzig.de,Informatik,Bachelor of Science,6,2015,2018,6
2547095,Schulz,Rita,rs31eucl@studserv.uni-leipzig.de,Informatik,Bachelor of Science,6,2015,2018,6
2813425,Ecker,Gisela,ge46ynyk@studserv.uni-leipzig.de,Mathematik,Diplom,10,2014,NA,10
3494275,Stegemann,Martha,ms14scqu@studserv.uni-leipzig.de,Lehramt an Gymnasien Informatik,Staatsexamen,10,2014,NA,10
2600380,Winter,Anette,aw18hkxt@studserv.uni-leipzig.de,Lehramt an Gymnasien Informatik,Staatsexamen,10,2015,NA,8
3588700,Ruehle,Karl-Heinz,kr98indy@studserv.uni-leipzig.de,Lehramt an Gymnasien Informatik,Staatsexamen,10,2014,NA,10
2636467,Held,Johannes,jh14htwl@studserv.uni-leipzig.de,Lehramt an Gymnasien Informatik,Staatsexamen,10,2014,NA,10
3668038,Lang,Jakob,jl99qxdn@studserv.uni-leipzig.de,Lehramt an Gymnasien Informatik,Staatsexamen,10,2015,NA,8
3423071,Schulte,Cornelia,cs9zojo@studserv.uni-leipzig.de,Wirtschaftspädagogik,Bachelor of Science,6,2014,2018,8
3535585,Weber,Christina,cw79lpxw@studserv.uni-leipzig.de,Wirtschaftsinformatik,Bachelor of Science,6,2015,2018,6
3488333,Ramm,Herbert,hr13bmlg@studserv.uni-leipzig.de,Wirtschaftsinformatik,Bachelor of Science,6,2014,2017,6
3778906,Gruen,Ulrich,ug49bcmg@studserv.uni-leipzig.de,Wirtschaftsinformatik,Bachelor of Science,6,2014,2017,6
3894627,Wiens,Hans-Joachim,hw8htyi@studserv.uni-leipzig.de,Wirtschaftsinformatik,Bachelor of Science,6,2016,NA,6
2939428,Siebert,Guenther,gs96exmc@studserv.uni-leipzig.de,Wirtschaftsinformatik,Bachelor of Science,6,2014,2018,8
2845296,Lux,Michael,ml41tkgz@studserv.uni-leipzig.de,Wirtschaftsinformatik,Bachelor of Science,6,2014,2017,6
3516623,Jacobs,Eva,ej31hgnb@studserv.uni-leipzig.de,Wirtschaftsinformatik,Bachelor of Science,6,2014,2017,6
2668698,Treiber,Hanna,ht91pcpf@studserv.uni-leipzig.de,Wirtschaftsinformatik,Bachelor of Science,6,2015,2018,6
2552754,Bauer,Marta,mb17dlld@studserv.uni-leipzig.de,Informatik,Bachelor of Science,6,2015,2018,6
2595205,Preuss,Susanne,sp11ueka@studserv.uni-leipzig.de,Informatik,Bachelor of Science,6,2015,2018,6
3724448,Schubert,Ralf,rs49yxrl@studserv.uni-leipzig.de,Informatik,Bachelor of Science,6,2015,2018,6
2361890,Kuepper,Benjamin,bk89vgfy@studserv.uni-leipzig.de,Informatik,Bachelor of Science,6,2016,NA,6
2968607,Buhl,Paolo,pb88meip@studserv.uni-leipzig.de,Informatik,Bachelor of Science,6,2016,NA,6
3334322,Stoeckl,Adolf,as85ptrw@studserv.uni-leipzig.de,Wirtschaftsmathematik,Diplom,9,2015,NA,8
3444952,Ziegler,Petra,pz20yrhm@studserv.uni-leipzig.de,Wirtschaftsinformatik,Bachelor of Science,6,2015,2018,6
3120281,Meiser,Almuth,am21pitt@studserv.uni-leipzig.de,Wirtschaftsinformatik,Bachelor of Science,6,2014,2017,6
2706825,Reinert,Ralf,rr43kbhk@studserv.uni-leipzig.de,Wirtschaftsinformatik,Bachelor of Science,6,2014,2017,6
3933358,Kaiser,Edith,ek8hsqc@studserv.uni-leipzig.de,Wirtschaftsinformatik,Bachelor of Science,6,2014,2017,6
3499693,Lenz,Michael,ml17lfjg@studserv.uni-leipzig.de,Wirtschaftsinformatik,Bachelor of Science,6,2015,2018,6
3026064,Beutel,Hans,hb21qiql@studserv.uni-leipzig.de,Wirtschaftsinformatik,Bachelor of Science,6,2015,2018,6
2846959,Weigel,Maria,mw41ojdk@studserv.uni-leipzig.de,Informatik,Bachelor of Science,6,2015,2018,6
3307553,Schmitz,Sandra,ss17xaqz@studserv.uni-leipzig.de,Informatik,Bachelor of Science,6,2014,2018,8
2369791,Steiner,Sabine,ss77aehi@studserv.uni-leipzig.de,Informatik,Master of Science,4,2015,2018,5
3726028,Kurtz,Grit,gk90kahf@studserv.uni-leipzig.de,Informatik,Bachelor of Science,6,2015,2018,6
2520777,Nitsche,Guenter,gn53proe@studserv.uni-leipzig.de,Wirtschaftsinformatik,Bachelor of Science,6,2014,2018,7
2445967,Gross,Siegfried,sg7dsre@studserv.uni-leipzig.de,Informatik,Master of Science,4,2014,2016,4
3675317,Jung,Lydia,lj74dxvw@studserv.uni-leipzig.de,Wirtschaftsinformatik,Bachelor of Science,6,2014,2017,6
2472020,Wolfrum,Hans-Guenter,hw54mvul@studserv.uni-leipzig.de,Informatik,Master of Science,4,2015,2017,4
3388808,Bruhn,Andrea,ab81naui@studserv.uni-leipzig.de,Informatik,Bachelor of Science,6,2015,2018,6
2443512,Schmid,Marion,ms47mpgd@studserv.uni-leipzig.de,Informatik,Bachelor of Science,6,2014,2017,6
3728064,Matz,Gerhard,gm26vooa@studserv.uni-leipzig.de,Informatik,Bachelor of Science,6,2014,2017,6
3790383,Eckstein,Georg,ge60rldy@studserv.uni-leipzig.de,Informatik,Bachelor of Science,6,2015,2018,6
3441965,Haak,Michaela,mh32lqht@studserv.uni-leipzig.de,Informatik,Bachelor of Science,6,2014,2017,6
2708641,Wacker,Hans-Georg,hw86onmh@studserv.uni-leipzig.de,Informatik,Bachelor of Science,6,2014,2018,8
2626405,Bender,Helga,hb66twge@studserv.uni-leipzig.de,Informatik,Bachelor of Science,6,2015,2018,6
3401010,Krause,Ursula,uk25aiff@studserv.uni-leipzig.de,Informatik,Bachelor of Science,6,2014,2017,6
3482006,Enke,Jorge,je91efkd@studserv.uni-leipzig.de,Informatik,Bachelor of Science,6,2014,2018,7
3477044,Hanf,Ralf,rh57dido@studserv.uni-leipzig.de,Informatik,Bachelor of Science,6,2015,2018,6
3095218,Voigt,Peter,pv31cwpb@studserv.uni-leipzig.de,Informatik,Bachelor of Science,6,2015,2018,6
3887956,Albrecht,Andrea,aa16mrhn@studserv.uni-leipzig.de,Informatik,Bachelor of Science,6,2015,2018,6
2626382,Scholz,Helga,hs36asgv@studserv.uni-leipzig.de,Informatik,Bachelor of Science,6,2014,2018,8
3866917,Klaus,Juliane,jk16hnll@studserv.uni-leipzig.de,Informatik,Bachelor of Science,6,2014,2017,6
3528686,Maier,Gerhard,gm56vooc@studserv.uni-leipzig.de,Informatik,Bachelor of Science,6,2014,2018,7
3535824,Dallmann,Siegfried,sd45zjpt@studserv.uni-leipzig.de,Informatik,Bachelor of Science,6,2014,2018,8
3698570,Schwarz,Leo,ls13ivmf@studserv.uni-leipzig.de,Informatik,Bachelor of Science,6,2014,2018,8
3316629,Wendel,Imke,iw85xklw@studserv.uni-leipzig.de,Informatik,Bachelor of Science,6,2014,2017,6
3218860,Mittelstaedt,Marion,mm61jpzg@studserv.uni-leipzig.de,Informatik,Bachelor of Science,6,2014,2017,6
2854838,Schmidt,Hans-Joachim,hs20jysv@studserv.uni-leipzig.de,Mathematik,Diplom,10,2014,NA,10
2618598,Pagel,Rudolf,rp53qudw@studserv.uni-leipzig.de,Informatik,Bachelor of Science,6,2015,2018,6
3690324,Hoffmann,Max,mh13sqwt@studserv.uni-leipzig.de,Informatik,Bachelor of Science,6,2014,2018,7
3667891,Kramer,Peter,pk94yszf@studserv.uni-leipzig.de,Informatik,Master of Science,4,2015,2017,4
3922903,Streit,Jana,js99rzqz@studserv.uni-leipzig.de,Informatik,Master of Science,4,2015,2017,4
2932274,Kolb,Sabine,sk13hmys@studserv.uni-leipzig.de,Wirtschaftsinformatik,Bachelor of Science,6,2014,2018,8
2497651,Metz,Herbert,hm66oedx@studserv.uni-leipzig.de,Informatik,Bachelor of Science,6,2015,2018,6
3441398,Geisler,Volker,vg91njox@studserv.uni-leipzig.de,Informatik,Master of Science,4,2015,2017,4
3769593,Hille,Eduard,eh24mlpk@studserv.uni-leipzig.de,Informatik,Bachelor of Science,6,2014,2017,6
3561559,Becker,Hildegard,hb42dhgv@studserv.uni-leipzig.de,Informatik,Bachelor of Science,6,2014,2018,7
3868061,Renz,Cornelia,cr73nyeo@studserv.uni-leipzig.de,Informatik,Bachelor of Science,6,2015,2018,6
2640287,Seiffert,Katrin,ks25vrmg@studserv.uni-leipzig.de,Informatik,Bachelor of Science,6,2014,2018,7
2896274,Heid,Dennis,dh24xymy@studserv.uni-leipzig.de,Wirtschaftsinformatik,Bachelor of Science,6,2014,2018,7
2745317,Will,Hans,hw26wwok@studserv.uni-leipzig.de,Wirtschaftsinformatik,Bachelor of Science,6,2014,2018,8
3637553,Bernhardt,Kerstin,kb7vamc@studserv.uni-leipzig.de,Wirtschaftsinformatik,Bachelor of Science,6,2014,2018,7
3658386,Pongratz,Alexandra,ap69jblj@studserv.uni-leipzig.de,Wirtschaftsinformatik,Bachelor of Science,6,2015,2018,6
2382559,Schroeder,Elena,es70vkon@studserv.uni-leipzig.de,Informatik,Bachelor of Science,6,2014,2017,6
2669952,Dinter,Volker,vd19ncrx@studserv.uni-leipzig.de,Informatik,Master of Science,4,2014,2016,4
3546861,Heinze,Eugen,eh63lmld@studserv.uni-leipzig.de,Informatik,Master of Science,4,2014,2016,4
2470865,Wagner,Helmut,hw98vynp@studserv.uni-leipzig.de,Informatik,Bachelor of Science,6,2014,2018,8
2436209,Baer,Margita,mb67kpzc@studserv.uni-leipzig.de,Informatik,Bachelor of Science,6,2015,2018,6
2437850,Rost,Melanie,mr84kyat@studserv.uni-leipzig.de,Informatik,Bachelor of Science,6,2016,NA,6
3371246,Kuck,Herbert,hk9etiy@studserv.uni-leipzig.de,Wirtschaftsinformatik,Bachelor of Science,6,2014,2017,6
2855483,Horn,Franziska,fh40dmab@studserv.uni-leipzig.de,Informatik,Bachelor of Science,6,2014,2018,8
3547859,Kellermann,Eckard,ek43tpbf@studserv.uni-leipzig.de,Informatik,Bachelor of Science,6,2015,2018,6
2821333,Bender,Georg,gb0wqdp@studserv.uni-leipzig.de,Informatik,Bachelor of Science,6,2015,2018,6
2927001,Friedrich,Angela,af7vvia@studserv.uni-leipzig.de,Informatik,Bachelor of Science,6,2014,2017,6
3228470,Thielen,Annika,at62yfio@studserv.uni-leipzig.de,Informatik,Bachelor of Science,6,2014,2018,7
2882340,Lippmann,Heike,hl6krtt@studserv.uni-leipzig.de,Informatik,Bachelor of Science,6,2015,2018,6
2462493,Roth,Gerd,gr92ucdw@studserv.uni-leipzig.de,Informatik,Bachelor of Science,6,2014,2017,6
2618125,Holland,Marian,mh28hqxt@studserv.uni-leipzig.de,Informatik,Bachelor of Science,6,2016,NA,6
2459357,Arnold,Walter,wa62ltqt@studserv.uni-leipzig.de,Informatik,Bachelor of Science,6,2015,2018,6
2978104,Ebert,Rosemarie,re46xryk@studserv.uni-leipzig.de,Informatik,Bachelor of Science,6,2016,NA,6
2988447,Rohleder,Michael,mr91wqfe@studserv.uni-leipzig.de,Lehramt an Gymnasien Informatik,Staatsexamen,10,2016,NA,6
3108259,Speck,Helma,hs75uesm@studserv.uni-leipzig.de,Informatik,Bachelor of Science,6,2014,2017,6
2390585,Kretzschmar,Gabriele,gk36tymo@studserv.uni-leipzig.de,Informatik,Bachelor of Science,6,2015,2018,6
3217844,Otto,Ralf,ro39hinp@studserv.uni-leipzig.de,Lehramt an Gymnasien Informatik,Staatsexamen,10,2016,NA,6
3142631,Rothe,Steffi,sr6xuac@studserv.uni-leipzig.de,Lehramt an Gymnasien Informatik,Staatsexamen,10,2014,NA,10
3778400,Stapf,Heinz,hs42bffn@studserv.uni-leipzig.de,Lehramt an Gymnasien Informatik,Staatsexamen,10,2015,NA,8
2592065,Kuechler,Wilhelm,wk96uimc@studserv.uni-leipzig.de,Lehramt an Gymnasien Informatik,Staatsexamen,10,2017,NA,4
2817638,Peters,Rosa,rp71ssvt@studserv.uni-leipzig.de,Lehramt an Gymnasien Informatik,Staatsexamen,10,2016,NA,6
3782896,Giese,Patrick,pg32fxci@studserv.uni-leipzig.de,Lehramt an Gymnasien Informatik,Staatsexamen,10,2015,NA,8
3678362,Heinze,Teresa,th39rvsy@studserv.uni-leipzig.de,Lehramt an Gymnasien Informatik,Staatsexamen,10,2016,NA,6
2882327,Wilkens,Doris,dw14qqme@studserv.uni-leipzig.de,Lehramt an Gymnasien Informatik,Staatsexamen,10,2016,NA,6
3916123,Blum,Dietmar,db68jdmf@studserv.uni-leipzig.de,Informatik,Bachelor of Science,6,2014,2018,8
3082829,Raab,Vera,vr25upub@studserv.uni-leipzig.de,Informatik,Bachelor of Science,6,2015,2018,6
3841358,Schrader,Thomas,ts99gstn@studserv.uni-leipzig.de,Informatik,Bachelor of Science,6,2015,2018,6
2642382,Kleber,Uwe,uk56hqsi@studserv.uni-leipzig.de,Wirtschaftsinformatik,Master of Science,4,2014,2016,4
3605425,Drechsel,Dietmar,dd25yfzp@studserv.uni-leipzig.de,Wirtschaftsinformatik,Master of Science,4,2014,2016,4
3267278,Seidel,Elisabeth,es78bgbc@studserv.uni-leipzig.de,Bioinformatik,Master of Science,4,2014,2016,4
2370095,Wimmer,Karl,kw65njso@studserv.uni-leipzig.de,Informatik,Bachelor of Science,6,2014,2018,8
2561653,Muecke,Dirk,dm31ihmn@studserv.uni-leipzig.de,Bioinformatik,Master of Science,4,2014,2016,4
2346336,Huebner,Werner,wh46iebr@studserv.uni-leipzig.de,Informatik,Master of Science,4,2014,2016,4
3165980,Schroeder,Ursula,us42innm@studserv.uni-leipzig.de,Informatik,Master of Science,4,2015,2017,4
2966456,Titze,Francisco,ft35ospy@studserv.uni-leipzig.de,Informatik,Master of Science,4,2014,2016,4
3476297,Luedecke,Ulrich,ul9lzsn@studserv.uni-leipzig.de,Informatik,Master of Science,4,2014,2016,4
3509870,Poppe,Siegfried,sp73ybzz@studserv.uni-leipzig.de,Informatik,Master of Science,4,2014,2016,4
3834095,Held,Peter,ph4xxqx@studserv.uni-leipzig.de,Wirtschaftsinformatik,Bachelor of Science,6,2014,2017,6
2468476,Hubert,Rosita,rh34cdje@studserv.uni-leipzig.de,Wirtschaftsinformatik,Bachelor of Science,6,2014,2018,8
3825204,Baeumer,Edith,eb62voqf@studserv.uni-leipzig.de,Wirtschaftsinformatik,Bachelor of Science,6,2014,2018,7
3151649,Reichelt,Egon,er73faqq@studserv.uni-leipzig.de,Wirtschaftsinformatik,Bachelor of Science,6,2014,2018,8
2384159,Jehle,Angelika,aj43itqw@studserv.uni-leipzig.de,Wirtschaftsinformatik,Bachelor of Science,6,2014,2018,8
2572295,Wolter,Christiane,cw80bytp@studserv.uni-leipzig.de,Wirtschaftsinformatik,Bachelor of Science,6,2015,2018,6
3096466,Braun,Helene,hb17inoa@studserv.uni-leipzig.de,Wirtschaftsinformatik,Bachelor of Science,6,2014,2017,6
3690005,Sass,Almut,as36ulet@studserv.uni-leipzig.de,Wirtschaftsinformatik,Bachelor of Science,6,2015,2018,6
3092899,Strauss,Karl,ks20vjug@studserv.uni-leipzig.de,Wirtschaftsinformatik,Bachelor of Science,6,2016,NA,6
2877130,Lehmann,Ulrich,ul33ruki@studserv.uni-leipzig.de,Informatik,Bachelor of Science,6,2014,2017,6
2352669,Mueller,Joachim,jm85krwu@studserv.uni-leipzig.de,Informatik,Bachelor of Science,6,2014,2017,6
3358535,Fuehrer,Hanni,hf68zevw@studserv.uni-leipzig.de,Informatik,Bachelor of Science,6,2015,2018,6
2775712,Hermann,Hildegard,hh62pmkm@studserv.uni-leipzig.de,Informatik,Bachelor of Science,6,2014,2018,7
3518549,Beck,Ursula,ub94bmnz@studserv.uni-leipzig.de,Informatik,Bachelor of Science,6,2014,2017,6
3680716,Reiff,Rosi,rr21bbir@studserv.uni-leipzig.de,Wirtschaftsinformatik,Bachelor of Science,6,2014,2018,7
3460607,Schuster,Guenter,gs62eltw@studserv.uni-leipzig.de,Informatik,Bachelor of Science,6,2014,2017,6
2948404,Nielsen,Ilse,in78xldu@studserv.uni-leipzig.de,Wirtschaftsinformatik,Bachelor of Science,6,2014,2017,6
2351917,Ruppel,Michael,mr63xlco@studserv.uni-leipzig.de,Informatik,Bachelor of Science,6,2015,2018,6
2604659,Meier,Regina,rm98rjdq@studserv.uni-leipzig.de,Informatik,Bachelor of Science,6,2014,2018,8
2966325,Brose,Adelheid,ab10kwpl@studserv.uni-leipzig.de,Wirtschaftsinformatik,Bachelor of Science,6,2015,2018,6
3495044,Frick,Ursel,uf44xjjg@studserv.uni-leipzig.de,Informatik,Bachelor of Science,6,2015,2018,6
2483661,Steiner,Susanne,ss26cwbu@studserv.uni-leipzig.de,Informatik,Bachelor of Science,6,2014,2017,6
3615316,Wolf,Joerg,jw29ofxv@studserv.uni-leipzig.de,Informatik,Bachelor of Science,6,2014,2017,6
2483736,Marx,Steffen,sm88bgte@studserv.uni-leipzig.de,Wirtschaftsinformatik,Bachelor of Science,6,2015,2018,6
3933193,Rauscher,Lore,lr83syrj@studserv.uni-leipzig.de,Wirtschaftsinformatik,Bachelor of Science,6,2014,2018,7
2924879,Jordan,Hans,hj12laue@studserv.uni-leipzig.de,Wirtschaftsinformatik,Bachelor of Science,6,2014,2018,8
3731247,Klos,Gerda,gk27rdfj@studserv.uni-leipzig.de,Wirtschaftsinformatik,Bachelor of Science,6,2014,2017,6
3738734,Behrend,Roswitha,rb88wumy@studserv.uni-leipzig.de,Wirtschaftsinformatik,Bachelor of Science,6,2014,2017,6
2542549,Eberle,Tatjana,te71hwpj@studserv.uni-leipzig.de,Wirtschaftsinformatik,Bachelor of Science,6,2015,2018,6
3750079,Schuett,Brigitte,bs31oraz@studserv.uni-leipzig.de,Wirtschaftsinformatik,Bachelor of Science,6,2015,2018,6
2394843,Voit,Karl-Heinz,kv37rpzg@studserv.uni-leipzig.de,Wirtschaftsinformatik,Bachelor of Science,6,2015,2018,6
3767291,Haller,Walter,wh23uusr@studserv.uni-leipzig.de,Wirtschaftsinformatik,Bachelor of Science,6,2015,2018,6
3350783,Kamp,Eva,ek58gzyr@studserv.uni-leipzig.de,Informatik,Bachelor of Science,6,2014,2018,8
2926916,Becker,Dietmar,db71nizo@studserv.uni-leipzig.de,Informatik,Bachelor of Science,6,2014,2018,7
3053850,Enders,Petra,pe35qxgt@studserv.uni-leipzig.de,Informatik,Bachelor of Science,6,2014,2018,7
2507880,Scheu,Susanne,ss62umfu@studserv.uni-leipzig.de,Informatik,Bachelor of Science,6,2015,2018,6
3333729,Stumpf,Joerg,js75drgt@studserv.uni-leipzig.de,Wirtschaftsinformatik,Bachelor of Science,6,2016,NA,6
3040253,Moeller,Anneliese,am50wcnu@studserv.uni-leipzig.de,Wirtschaftsinformatik,Bachelor of Science,6,2014,2018,8
3317111,Richter,Michael,mr41veif@studserv.uni-leipzig.de,Wirtschaftsinformatik,Bachelor of Science,6,2015,2018,6
2457342,Gerken,Hans,hg18nbio@studserv.uni-leipzig.de,Informatik,Bachelor of Science,6,2014,2018,8
2787311,Kessler,Gerda,gk53qdcp@studserv.uni-leipzig.de,Wirtschaftsinformatik,Bachelor of Science,6,2014,2018,7
3107993,Adam,Ina,ia79fmkh@studserv.uni-leipzig.de,Wirtschaftsinformatik,Bachelor of Science,6,2014,2017,6
3001489,Clemens,Maria,mc36onzz@studserv.uni-leipzig.de,Wirtschaftsinformatik,Bachelor of Science,6,2014,2018,7
3757464,Rieger,Brigitte,br74ecpz@studserv.uni-leipzig.de,Wirtschaftsinformatik,Bachelor of Science,6,2014,2018,7
3477418,Schuster,Karl-Heinz,ks50wilw@studserv.uni-leipzig.de,Wirtschaftsinformatik,Bachelor of Science,6,2014,2017,6
3531107,Korte,Jochen,jk67xksz@studserv.uni-leipzig.de,Informatik,Bachelor of Science,6,2014,2017,6
2962478,Michl,Lorenz,lm71titv@studserv.uni-leipzig.de,Informatik,Bachelor of Science,6,2014,2018,8
3199661,Jung,Wilhelm,wj31cvox@studserv.uni-leipzig.de,Informatik,Bachelor of Science,6,2015,2018,6
3304115,Lay,Herta,hl2kauv@studserv.uni-leipzig.de,Informatik,Bachelor of Science,6,2014,2017,6
3399855,Ehrhardt,Siegmund,se6prdk@studserv.uni-leipzig.de,Informatik,Bachelor of Science,6,2016,NA,6
3793264,Hoffmann,Andrea,ah27lrlo@studserv.uni-leipzig.de,Informatik,Bachelor of Science,6,2015,2018,6
2449868,Ullrich,Doris,du55julv@studserv.uni-leipzig.de,Informatik,Bachelor of Science,6,2015,2018,6
3348443,Zenker,Hartmut,hz47pclw@studserv.uni-leipzig.de,Informatik,Bachelor of Science,6,2015,2018,6
2908990,Richter,Gabriela,gr27cyqq@studserv.uni-leipzig.de,Informatik,Bachelor of Science,6,2014,2017,6
2403788,Schneider,Heinz,hs88nktq@studserv.uni-leipzig.de,Informatik,Bachelor of Science,6,2015,2018,6
3151635,Keil,Georg,gk68oize@studserv.uni-leipzig.de,Informatik,Bachelor of Science,6,2014,2017,6
2457485,Koeppl,Baerbel,bk7bbfy@studserv.uni-leipzig.de,Informatik,Bachelor of Science,6,2014,2018,8
3742059,Busch,Ferdinand,fb21lipo@studserv.uni-leipzig.de,Wirtschaftsinformatik,Bachelor of Science,6,2014,2017,6
2773103,Gebhardt,Helga,hg77jvlt@studserv.uni-leipzig.de,Informatik,Bachelor of Science,6,2014,2017,6
2371714,Weigert,Guenther,gw20hymf@studserv.uni-leipzig.de,Informatik,Bachelor of Science,6,2014,2017,6
3118365,Merk,Edeltraud,em41wrmy@studserv.uni-leipzig.de,Informatik,Bachelor of Science,6,2014,2017,6
2690640,Reitz,Thomas,tr95usia@studserv.uni-leipzig.de,Wirtschaftsinformatik,Bachelor of Science,6,2015,2018,6
3833301,Berger,Peter,pb26japf@studserv.uni-leipzig.de,Wirtschaftsinformatik,Bachelor of Science,6,2014,2017,6
2448396,Froehlich,Andrea,af1airm@studserv.uni-leipzig.de,Informatik,Bachelor of Science,6,2014,2017,6
2645991,Sohn,Sandra,ss52wvnb@studserv.uni-leipzig.de,Wirtschaftsinformatik,Bachelor of Science,6,2014,2017,6
3083525,Wessel,Elisabeth,ew65jbzf@studserv.uni-leipzig.de,Wirtschaftsinformatik,Bachelor of Science,6,2014,2017,6
2858618,Lohse,Maren,ml17gmgy@studserv.uni-leipzig.de,Informatik,Bachelor of Science,6,2014,2018,8
3346715,Ploeger,Franco,fp45tosq@studserv.uni-leipzig.de,Informatik,Bachelor of Science,6,2014,2017,6
2357215,Haussmann,Wilhelm,wh29ptbj@studserv.uni-leipzig.de,Wirtschaftsinformatik,Bachelor of Science,6,2016,NA,6
3148414,Kessler,Olga,ok53hqhh@studserv.uni-leipzig.de,Wirtschaftsinformatik,Bachelor of Science,6,2014,2018,7
3769275,Dierkes,Alwine,ad69wjpk@studserv.uni-leipzig.de,Wirtschaftsinformatik,Bachelor of Science,6,2014,2017,6
3772772,Schroeder,Doris,ds25wtxm@studserv.uni-leipzig.de,Wirtschaftsinformatik,Bachelor of Science,6,2014,2017,6
3599283,Wagner,Hartmut,hw72wekt@studserv.uni-leipzig.de,Wirtschaftsinformatik,Bachelor of Science,6,2014,2017,6
2605347,Marx,Ines,im37zivq@studserv.uni-leipzig.de,Wirtschaftsinformatik,Bachelor of Science,6,2014,2018,8
3356420,Mutschler,Thomas,tm16atov@studserv.uni-leipzig.de,Informatik,Bachelor of Science,6,2014,2017,6
3091456,Gottschalk,Georg,gg83owof@studserv.uni-leipzig.de,Informatik,Bachelor of Science,6,2014,2018,8
3835187,Koch,Michaela,mk76vjws@studserv.uni-leipzig.de,Informatik,Bachelor of Science,6,2014,2017,6
3322726,Fricke,Helmut,hf60uaos@studserv.uni-leipzig.de,Wirtschaftsinformatik,Bachelor of Science,6,2015,2018,6
3696488,Hofmann,Angelika,ah22bcrg@studserv.uni-leipzig.de,Wirtschaftsinformatik,Bachelor of Science,6,2014,2017,6
2430407,Werner,Roswitha,rw42jgwx@studserv.uni-leipzig.de,Informatik,Bachelor of Science,6,2014,2017,6
2713241,Boden,Marie,mb33oeiq@studserv.uni-leipzig.de,Informatik,Bachelor of Science,6,2015,2018,6
2983915,Roeder,Elisabeth,er20mdle@studserv.uni-leipzig.de,Informatik,Bachelor of Science,6,2014,2018,7
3238538,Schramm,Karl,ks91wrtt@studserv.uni-leipzig.de,Wirtschaftsinformatik,Bachelor of Science,6,2014,2017,6
3918729,Kroeger,Johannes,jk15cofv@studserv.uni-leipzig.de,Informatik,Bachelor of Science,6,2014,2018,8
3335871,Linden,Sebastian,sl4artb@studserv.uni-leipzig.de,Wirtschaftsinformatik,Bachelor of Science,6,2014,2018,8
2646900,Dittmann,Werner,wd52vyoj@studserv.uni-leipzig.de,Wirtschaftsinformatik,Bachelor of Science,6,2014,2018,8
2694885,Hartmann,Hildegard,hh9pbhz@studserv.uni-leipzig.de,Wirtschaftsinformatik,Bachelor of Science,6,2014,2018,8
2901139,Thaler,Ortrun,ot2tebx@studserv.uni-leipzig.de,Wirtschaftsinformatik,Bachelor of Science,6,2014,2018,8
3179301,Ammon,Margot,ma25tzae@studserv.uni-leipzig.de,Wirtschaftsinformatik,Bachelor of Science,6,2016,NA,6
3091413,Nowak,Ursula,un18szlk@studserv.uni-leipzig.de,Wirtschaftsinformatik,Bachelor of Science,6,2014,2017,6
2894545,Schmidt,Guenter,gs98lheu@studserv.uni-leipzig.de,Wirtschaftsinformatik,Bachelor of Science,6,2014,2017,6
3400605,Hof,Ulrich,uh70fvvy@studserv.uni-leipzig.de,Wirtschaftsinformatik,Bachelor of Science,6,2014,2017,6
3753725,Maier,Joachim,jm33izmz@studserv.uni-leipzig.de,Wirtschaftsinformatik,Bachelor of Science,6,2015,2018,6
2850951,Peter,Andreas,ap48vbse@studserv.uni-leipzig.de,Wirtschaftsinformatik,Bachelor of Science,6,2014,2017,6
3015331,Schmidt,Jutta,js10rylo@studserv.uni-leipzig.de,Informatik,Bachelor of Science,6,2015,2018,6
3342771,Koch,Marita,mk1pbgv@studserv.uni-leipzig.de,Informatik,Bachelor of Science,6,2016,NA,6
2631079,Kropf,Edelgard,ek56hoiy@studserv.uni-leipzig.de,Informatik,Bachelor of Science,6,2014,2018,7
3325882,Braeuer,Brigitte,bb48hnji@studserv.uni-leipzig.de,Informatik,Bachelor of Science,6,2015,2018,6
2901304,Geiger,Karl-Heinz,kg26qicu@studserv.uni-leipzig.de,Informatik,Bachelor of Science,6,2016,NA,6
3594139,Siegel,Olaf,os63btht@studserv.uni-leipzig.de,Informatik,Bachelor of Science,6,2016,NA,6
3178618,Wiesmann,Ludger,lw30whgl@studserv.uni-leipzig.de,Informatik,Bachelor of Science,6,2016,NA,6
3423919,Maas,Helmut,hm49irmj@studserv.uni-leipzig.de,Informatik,Bachelor of Science,6,2015,2018,6
3810464,Schaefer,Martina,ms89csxo@studserv.uni-leipzig.de,Informatik,Bachelor of Science,6,2015,2018,6
2949013,Heinecke,Melanie,mh30zvqc@studserv.uni-leipzig.de,Informatik,Bachelor of Science,6,2016,NA,6
3275943,Kirsten,Paula,pk16xgsc@studserv.uni-leipzig.de,Informatik,Bachelor of Science,6,2014,2017,6
2466539,Barthel,Elisabeth,eb18srnl@studserv.uni-leipzig.de,Informatik,Bachelor of Science,6,2016,NA,6
2424900,Fink,Karl,kf95geii@studserv.uni-leipzig.de,Informatik,Bachelor of Science,6,2016,NA,6
3100069,Schoening,Robert,rs9szka@studserv.uni-leipzig.de,Informatik,Bachelor of Science,6,2016,NA,6
2853202,Troeger,Jan,jt7jgzk@studserv.uni-leipzig.de,Informatik,Bachelor of Science,6,2016,NA,6
3777042,Roesch,Uwe,ur23weog@studserv.uni-leipzig.de,Informatik,Bachelor of Science,6,2014,2018,7
2542523,Schwarz,Annette,as64phsr@studserv.uni-leipzig.de,Informatik,Bachelor of Science,6,2015,2018,6
2623934,Maier,Arnold,am42dhxe@studserv.uni-leipzig.de,Informatik,Bachelor of Science,6,2015,2018,6
3795358,Opitz,Renate,ro45tnpe@studserv.uni-leipzig.de,Informatik,Bachelor of Science,6,2015,2018,6
3775260,Feldmann,Barbara,bf74yjrm@studserv.uni-leipzig.de,Informatik,Bachelor of Science,6,2015,2018,6
3213238,Hausmann,Reinhard,rh67mwlk@studserv.uni-leipzig.de,Informatik,Bachelor of Science,6,2014,2018,7
2378521,Westermann,Antje,aw56idht@studserv.uni-leipzig.de,Informatik,Bachelor of Science,6,2015,2018,6
2426534,Berger,Thomas,tb2izvd@studserv.uni-leipzig.de,Informatik,Bachelor of Science,6,2015,2018,6
3146495,Plum,Horst,hp48oqlq@studserv.uni-leipzig.de,Informatik,Bachelor of Science,6,2016,NA,6
3624712,Schroeder,Nicole,ns36lhna@studserv.uni-leipzig.de,Informatik,Bachelor of Science,6,2015,2018,6
3290013,Kruse,Hubert,hk9ootm@studserv.uni-leipzig.de,Informatik,Bachelor of Science,6,2014,2018,8
3915008,Loose,Elfi,el63lrss@studserv.uni-leipzig.de,Informatik,Bachelor of Science,6,2015,2018,6
3160112,Engel,Susanne,se4jrjl@studserv.uni-leipzig.de,Informatik,Bachelor of Science,6,2015,2018,6
3428860,Heinrich,Rainer,rh43lcff@studserv.uni-leipzig.de,Informatik,Master of Science,4,2014,2016,4
3181640,Wagner,Ulrike,uw54zoac@studserv.uni-leipzig.de,Informatik,Master of Science,4,2014,2016,4
3080021,Bachmann,Hans-Heinrich,hb83hjgi@studserv.uni-leipzig.de,Informatik,Master of Science,4,2015,2018,6
3731705,Jakob,Franz-Josef,fj1emag@studserv.uni-leipzig.de,Informatik,Master of Science,4,2014,2017,6
2568269,Kuschel,Renate,rk95pmlk@studserv.uni-leipzig.de,Informatik,Master of Science,4,2014,2017,6
2493045,Fischer,Elfriede,ef89bgmp@studserv.uni-leipzig.de,Informatik,Master of Science,4,2015,2017,4
2908677,Gruenewald,Ludwig,lg86lnln@studserv.uni-leipzig.de,Wirtschaftsinformatik,Bachelor of Science,6,2015,2018,6
3182286,Stemmler,Agnes,as10vgoh@studserv.uni-leipzig.de,Wirtschaftsinformatik,Bachelor of Science,6,2015,2018,6
3382308,Wolf,Thomas,tw45aqao@studserv.uni-leipzig.de,Wirtschaftsinformatik,Bachelor of Science,6,2016,NA,6
2372739,Rapp,Uwe,ur95asry@studserv.uni-leipzig.de,Wirtschaftsinformatik,Bachelor of Science,6,2016,NA,6
3504003,Schmitz,Annette,as30rkdn@studserv.uni-leipzig.de,Wirtschaftsinformatik,Bachelor of Science,6,2014,2018,8
2833647,Hensel,Udo,uh58tebv@studserv.uni-leipzig.de,Wirtschaftsinformatik,Bachelor of Science,6,2016,NA,6
2507430,Lauer,Monika,ml7jhko@studserv.uni-leipzig.de,Wirtschaftsinformatik,Bachelor of Science,6,2014,2018,7
2779550,Braun,Gertrud,gb83kgok@studserv.uni-leipzig.de,Wirtschaftsinformatik,Bachelor of Science,6,2014,2018,7
2529796,Fries,Reinhard,rf15muei@studserv.uni-leipzig.de,Lehramt an Gymnasien Informatik,Staatsexamen,10,2014,NA,10
2918632,Schultheis,Jutta,js37bdps@studserv.uni-leipzig.de,Lehramt an Gymnasien Informatik,Staatsexamen,10,2016,NA,6
3871954,Mueller,Walter,wm13egew@studserv.uni-leipzig.de,Lehramt an Gymnasien Informatik,Staatsexamen,10,2015,NA,8
2570223,Reich,Birgid,br64zzhn@studserv.uni-leipzig.de,Lehramt an Gymnasien Informatik,Staatsexamen,10,2015,NA,8
3038701,Kuester,Werner,wk50qebw@studserv.uni-leipzig.de,Lehramt an Gymnasien Informatik,Staatsexamen,10,2016,NA,6
2622759,Neumeister,Aenne,an88aihr@studserv.uni-leipzig.de,Lehramt an Gymnasien Informatik,Staatsexamen,10,2015,NA,8
3818536,Griebel,Gudrun,gg74ldfk@studserv.uni-leipzig.de,Lehramt an Gymnasien Informatik,Staatsexamen,10,2015,NA,8
2518567,Koch,Angela,ak10hmar@studserv.uni-leipzig.de,Lehramt an Gymnasien Informatik,Staatsexamen,10,2016,NA,6
3173030,Wirth,Ursula,uw53ejjp@studserv.uni-leipzig.de,Lehramt an Gymnasien Informatik,Staatsexamen,10,2015,NA,8
3290284,Breuer,Guenter,gb40bons@studserv.uni-leipzig.de,Lehramt an Gymnasien Informatik,Staatsexamen,10,2014,NA,10
3120526,Ruetten,Alexander,ar30tfyt@studserv.uni-leipzig.de,Lehramt an Gymnasien Informatik,Staatsexamen,10,2014,NA,10
3514121,Specht,Kurt,ks52urrt@studserv.uni-leipzig.de,Informatik,Bachelor of Science,6,2014,2018,8
3854496,Lange,Peter,pl25fteq@studserv.uni-leipzig.de,Informatik,Bachelor of Science,6,2016,NA,6
3840457,Markert,Andrea,am84jwxo@studserv.uni-leipzig.de,Informatik,Bachelor of Science,6,2015,2018,6
3171551,Frei,Anja,af63kcgv@studserv.uni-leipzig.de,Informatik,Bachelor of Science,6,2016,NA,6
3295251,Jansen,August,aj49upof@studserv.uni-leipzig.de,Informatik,Bachelor of Science,6,2016,NA,6
2571323,Weber,Maria,mw44rwpr@studserv.uni-leipzig.de,Informatik,Bachelor of Science,6,2016,NA,6
2488539,Beck,Heinz,hb22okbl@studserv.uni-leipzig.de,Informatik,Bachelor of Science,6,2014,2018,8
2351668,Rank,Wilhelm,wr42lrms@studserv.uni-leipzig.de,Informatik,Bachelor of Science,6,2016,NA,6
3616866,Schultz,Margret,ms79mmgt@studserv.uni-leipzig.de,Informatik,Bachelor of Science,6,2015,2018,6
3847942,Eichler,Gudrun,ge58jjbi@studserv.uni-leipzig.de,Informatik,Bachelor of Science,6,2016,NA,6
3809742,Haase,Dagmar,dh77juhz@studserv.uni-leipzig.de,Informatik,Bachelor of Science,6,2016,NA,6
3162066,Wehr,Babette,bw25kmha@studserv.uni-leipzig.de,Informatik,Bachelor of Science,6,2015,2018,6
3747484,Becker,Karl,kb93iwba@studserv.uni-leipzig.de,Informatik,Bachelor of Science,6,2015,2018,6
3707493,Richter,Alexander,ar73ykgk@studserv.uni-leipzig.de,Informatik,Bachelor of Science,6,2015,2018,6
2772171,Scheibel,Wilhelm,ws55slpv@studserv.uni-leipzig.de,Informatik,Bachelor of Science,6,2014,2017,6
2733693,Kahle,Juri,jk18htoo@studserv.uni-leipzig.de,Informatik,Bachelor of Science,6,2015,2018,6
3021152,Meyer,Hildegard,hm92jzcx@studserv.uni-leipzig.de,Informatik,Bachelor of Science,6,2016,NA,6
2604150,Buehler,Edith,eb40hhga@studserv.uni-leipzig.de,Informatik,Bachelor of Science,6,2015,2018,6
3460021,Gentner,Fred,fg30xprw@studserv.uni-leipzig.de,Informatik,Bachelor of Science,6,2016,NA,6
3683633,Strobel,Annelie,as52bopd@studserv.uni-leipzig.de,Informatik,Bachelor of Science,6,2015,2018,6
2955328,Zimmermann,Guenter,gz6baja@studserv.uni-leipzig.de,Informatik,Bachelor of Science,6,2015,2018,6
2534781,Naumann,Wilhelm,wn21kvhd@studserv.uni-leipzig.de,Informatik,Bachelor of Science,6,2016,NA,6
3073325,Reutter,Dorothea,dr4cqdc@studserv.uni-leipzig.de,Informatik,Bachelor of Science,6,2016,NA,6
3775958,Hiller,Otmar,oh16gspz@studserv.uni-leipzig.de,Informatik,Bachelor of Science,6,2015,2018,6
3812402,Lorenz,Andrea,al22cjqe@studserv.uni-leipzig.de,Informatik,Bachelor of Science,6,2016,NA,6
3424178,Hoehne,Theresia,th92madh@studserv.uni-leipzig.de,Informatik,Bachelor of Science,6,2015,2018,6
2365084,Jonas,Doreen,dj43lthb@studserv.uni-leipzig.de,Informatik,Bachelor of Science,6,2014,2018,7
3575689,Baur,Susanne,sb44ntgm@studserv.uni-leipzig.de,Informatik,Master of Science,4,2015,2018,6
3125925,Eder,Joerg,je39cmjd@studserv.uni-leipzig.de,Informatik,Master of Science,4,2014,2016,4
2416892,Schneider,Mario,ms59uliz@studserv.uni-leipzig.de,Informatik,Master of Science,4,2016,2018,4
3846100,Thiele,Elli,et13rtat@studserv.uni-leipzig.de,Informatik,Master of Science,4,2016,2018,4
3288932,Meyer,Andreas,am23unof@studserv.uni-leipzig.de,Informatik,Master of Science,4,2015,2018,6
2956490,Ohl,Gerda,go87hpxw@studserv.uni-leipzig.de,Informatik,Master of Science,4,2016,2018,4
3227895,Guenther,Hedwig,hg96isjp@studserv.uni-leipzig.de,Informatik,Master of Science,4,2015,2018,5
3782358,Hess,Marlene,mh10sucq@studserv.uni-leipzig.de,Informatik,Master of Science,4,2014,2016,4
2900608,Wunderlich,Brigitte,bw81cfbw@studserv.uni-leipzig.de,Informatik,Master of Science,4,2016,2018,4
3153305,Bunk,Karl-Heinz,kb8mhmp@studserv.uni-leipzig.de,Informatik,Master of Science,4,2016,2018,4
2804619,Schmidt,Dirk,ds56gcrk@studserv.uni-leipzig.de,Informatik,Master of Science,4,2014,2017,6
3698150,Schulz,Lutz,ls26gdrd@studserv.uni-leipzig.de,Informatik,Master of Science,4,2015,2018,6
3304483,Koehne,Kuno,kk32xihq@studserv.uni-leipzig.de,Informatik,Master of Science,4,2016,2018,4
3923073,Meister,Martina,mm36krpd@studserv.uni-leipzig.de,Informatik,Master of Science,4,2016,2018,4
3533392,Wendt,Susanne,sw70fqib@studserv.uni-leipzig.de,Informatik,Master of Science,4,2014,2017,5
3359769,Boerner,Joerg,jb49inxh@studserv.uni-leipzig.de,Informatik,Master of Science,4,2015,2018,5
3803740,Ries,Gerda,gr2bamx@studserv.uni-leipzig.de,Informatik,Master of Science,4,2016,2018,4
2723339,Sievers,Konstantin,ks51rocy@studserv.uni-leipzig.de,Informatik,Master of Science,4,2016,2018,4
2954653,Krueger,Hans,hk7zcad@studserv.uni-leipzig.de,Informatik,Master of Science,4,2014,2016,4
3316800,Mueller,Gerda,gm79lkmf@studserv.uni-leipzig.de,Informatik,Master of Science,4,2014,2016,4
3437045,Friedrich,Kirsten,kf30irzu@studserv.uni-leipzig.de,Lehramt an Gymnasien Informatik,Staatsexamen,10,2015,NA,8
2933261,Hauck,Ulla,uh83cjxd@studserv.uni-leipzig.de,Lehramt an Gymnasien Informatik,Staatsexamen,10,2015,NA,8
3062426,Thiemann,Brigitte,bt10kbip@studserv.uni-leipzig.de,Lehramt an Gymnasien Informatik,Staatsexamen,10,2016,NA,6
3170444,Arlt,Karl-Heinz,ka18mzap@studserv.uni-leipzig.de,Lehramt an Gymnasien Informatik,Staatsexamen,10,2015,NA,8
3654202,Pieper,Konrad,kp1kdsb@studserv.uni-leipzig.de,Lehramt an Gymnasien Informatik,Staatsexamen,10,2015,NA,8
3879441,Schmelz,Ulf,us17bgcc@studserv.uni-leipzig.de,Lehramt an Gymnasien Informatik,Staatsexamen,10,2015,NA,8
2395873,Hollmann,Helmut,hh26lysw@studserv.uni-leipzig.de,Lehramt an Gymnasien Informatik,Staatsexamen,10,2016,NA,6
2864342,Martin,Martina,mm8numj@studserv.uni-leipzig.de,Lehramt an Gymnasien Informatik,Staatsexamen,10,2016,NA,6
2766950,Eckert,Hedwig,he99jlru@studserv.uni-leipzig.de,Lehramt an Gymnasien Informatik,Staatsexamen,10,2015,NA,8
3022264,Goetz,Berta,bg25fakb@studserv.uni-leipzig.de,Lehramt an Gymnasien Informatik,Staatsexamen,10,2016,NA,6
3631078,Becker,Doris,db88txke@studserv.uni-leipzig.de,Lehramt an Gymnasien Informatik,Staatsexamen,10,2016,NA,6
3085808,Epple,Ludwig,le47lntj@studserv.uni-leipzig.de,Informatik,Bachelor of Science,6,2014,2018,7
3383317,Seitz,Annett,as87pxnr@studserv.uni-leipzig.de,Informatik,Bachelor of Science,6,2015,2018,6
2897655,Weinmann,Heinz,hw73ydoa@studserv.uni-leipzig.de,Informatik,Bachelor of Science,6,2014,2018,8
2873825,Liebl,Hans-Friedrich,hl8hrbt@studserv.uni-leipzig.de,Informatik,Bachelor of Science,6,2015,2018,6
3583505,Peters,Baerbel,bp23kzkl@studserv.uni-leipzig.de,Informatik,Bachelor of Science,6,2014,2018,8
2828608,Hannemann,Lars,lh55cxlz@studserv.uni-leipzig.de,Informatik,Bachelor of Science,6,2014,2017,6
3936117,Krause,Renate,rk11enoe@studserv.uni-leipzig.de,Informatik,Bachelor of Science,6,2014,2018,8
3592683,Albert,Gertrud,ga53nrpk@studserv.uni-leipzig.de,Informatik,Bachelor of Science,6,2015,2018,6
2554353,Daniel,Reinhard,rd61umhs@studserv.uni-leipzig.de,Informatik,Bachelor of Science,6,2014,2018,8
3155140,Scholz,Agnes,as73ybem@studserv.uni-leipzig.de,Informatik,Bachelor of Science,6,2015,2018,6
2811434,Voigt,Thomas,tv41jbpg@studserv.uni-leipzig.de,Informatik,Bachelor of Science,6,2016,NA,6
3307751,Kramer,Walter,wk93yjjg@studserv.uni-leipzig.de,Informatik,Bachelor of Science,6,2016,NA,6
2945677,Mock,Regina,rm43qmhu@studserv.uni-leipzig.de,Informatik,Bachelor of Science,6,2015,2018,6
3524253,Hansen,Holger,hh79lfmw@studserv.uni-leipzig.de,Informatik,Bachelor of Science,6,2016,NA,6
3450035,Hoehn,Monika,mh6wkjn@studserv.uni-leipzig.de,Informatik,Bachelor of Science,6,2015,2018,6
2851693,Krey,Roselinde,rk17mxgd@studserv.uni-leipzig.de,Informatik,Bachelor of Science,6,2014,2017,6
2704440,Muehlberger,Theo,tm39bwoz@studserv.uni-leipzig.de,Informatik,Bachelor of Science,6,2014,2018,7
3258928,Hecht,Susann,sh51sguc@studserv.uni-leipzig.de,Informatik,Bachelor of Science,6,2014,2018,7
3385247,Klose,Guenter,gk0qukf@studserv.uni-leipzig.de,Informatik,Bachelor of Science,6,2015,2018,6
3246436,Wiedemann,Johann,jw18hnmr@studserv.uni-leipzig.de,Informatik,Bachelor of Science,6,2016,NA,6
3577854,Bormann,Ilona,ib88txlj@studserv.uni-leipzig.de,Informatik,Bachelor of Science,6,2014,2018,7
3255300,Seifert,Erika,es52nxau@studserv.uni-leipzig.de,Informatik,Bachelor of Science,6,2014,2017,6
2465834,Kindler,Elfriede,ek0ndfh@studserv.uni-leipzig.de,Informatik,Bachelor of Science,6,2015,2018,6
3807055,Lueders,Holger,hl77dvrc@studserv.uni-leipzig.de,Informatik,Bachelor of Science,6,2015,2018,6
3463754,Fiebig,Mechthild,mf46xomj@studserv.uni-leipzig.de,Informatik,Bachelor of Science,6,2014,2017,6
3127106,Heider,Heinz,hh24ghnf@studserv.uni-leipzig.de,Informatik,Bachelor of Science,6,2015,2018,6
2843193,Tolksdorf,Uwe,ut70otfl@studserv.uni-leipzig.de,Lehramt an Gymnasien Informatik,Staatsexamen,10,2014,NA,10
3398256,Baier,Stefanie,sb0ucfz@studserv.uni-leipzig.de,Lehramt an Gymnasien Informatik,Staatsexamen,10,2014,NA,10
3692137,Post,Rene,rp58qajm@studserv.uni-leipzig.de,Lehramt an Gymnasien Informatik,Staatsexamen,10,2016,NA,6
3163111,Schroeter,Renate,rs60ltrg@studserv.uni-leipzig.de,Lehramt an Gymnasien Informatik,Staatsexamen,10,2014,NA,10
3877056,Nickel,Christina,cn67hizu@studserv.uni-leipzig.de,Lehramt an Gymnasien Informatik,Staatsexamen,10,2014,NA,10
3610034,Schmidt,Heidemarie,hs82vxzh@studserv.uni-leipzig.de,Lehramt an Gymnasien Informatik,Staatsexamen,10,2016,NA,6
3403053,Hoelscher,Sophia,sh18lblr@studserv.uni-leipzig.de,Lehramt an Gymnasien Informatik,Staatsexamen,10,2015,NA,8
3684022,Maier,Christian,cm96zaya@studserv.uni-leipzig.de,Lehramt an Gymnasien Informatik,Staatsexamen,10,2014,NA,10
2867038,Boettcher,Robert,rb94gabd@studserv.uni-leipzig.de,Lehramt an Gymnasien Informatik,Staatsexamen,10,2015,NA,8
3029075,Fath,Hans-Peter,hf17sxzs@studserv.uni-leipzig.de,Lehramt an Gymnasien Informatik,Staatsexamen,10,2016,NA,6
3527438,Sigl,Helmut,hs33pglx@studserv.uni-leipzig.de,Lehramt an Gymnasien Informatik,Staatsexamen,10,2016,NA,6
2453337,Wetzel,Elke,ew97iejf@studserv.uni-leipzig.de,Informatik,Bachelor of Science,6,2016,NA,6
3477978,Mueller,Silke,sm39tjqw@studserv.uni-leipzig.de,Informatik,Bachelor of Science,6,2014,2018,8
2783402,Piller,Stefanie,sp10lkas@studserv.uni-leipzig.de,Informatik,Bachelor of Science,6,2014,2018,7
2868687,Haug,Ivonne,ih83qffc@studserv.uni-leipzig.de,Informatik,Bachelor of Science,6,2015,2018,6
2496133,Kempf,Karl,kk47nzyr@studserv.uni-leipzig.de,Informatik,Bachelor of Science,6,2015,2018,6
3830302,Appel,Willi,wa45avpc@studserv.uni-leipzig.de,Informatik,Bachelor of Science,6,2014,2017,6
2986949,Dieckmann,Christian,cd7bfug@studserv.uni-leipzig.de,Informatik,Bachelor of Science,6,2014,2017,6
3912127,Schmid,Werner,ws95srzv@studserv.uni-leipzig.de,Informatik,Bachelor of Science,6,2016,NA,6
3576206,Wagner,Christine,cw17nocg@studserv.uni-leipzig.de,Informatik,Bachelor of Science,6,2016,NA,6
2528097,Gross,Karin,kg77swew@studserv.uni-leipzig.de,Informatik,Bachelor of Science,6,2015,2018,6
3747066,Huth,Christian,ch64ahrc@studserv.uni-leipzig.de,Informatik,Bachelor of Science,6,2014,2018,7
2367332,Baumert,Sven,sb30utve@studserv.uni-leipzig.de,Informatik,Bachelor of Science,6,2015,2018,6
3086102,Dreher,Manuel,md41bcdj@studserv.uni-leipzig.de,Informatik,Bachelor of Science,6,2016,NA,6
2881419,Rupprecht,Helmut,hr80kbld@studserv.uni-leipzig.de,Informatik,Bachelor of Science,6,2014,2018,7
2783421,Stein,Martina,ms53bpzu@studserv.uni-leipzig.de,Informatik,Bachelor of Science,6,2015,2018,6
3092068,Kunkel,Katrin,kk41pckz@studserv.uni-leipzig.de,Informatik,Bachelor of Science,6,2016,NA,6
2909555,Niemeyer,Ramona,rn21fuds@studserv.uni-leipzig.de,Informatik,Bachelor of Science,6,2016,NA,6
2469579,Greiner,Elisabeth,eg69tatm@studserv.uni-leipzig.de,Informatik,Bachelor of Science,6,2015,2018,6
3155009,Henkel,George,gh64mxah@studserv.uni-leipzig.de,Informatik,Bachelor of Science,6,2015,2018,6
3535914,Woelfel,Robert,rw96ngpj@studserv.uni-leipzig.de,Informatik,Bachelor of Science,6,2014,2017,6
3143130,Brandl,Rudi,rb51tetd@studserv.uni-leipzig.de,Informatik,Bachelor of Science,6,2014,2018,8
3400556,Schindler,Werner,ws11obqf@studserv.uni-leipzig.de,Informatik,Bachelor of Science,6,2014,2017,6
3226567,Schuetz,Christine,cs33oqum@studserv.uni-leipzig.de,Informatik,Bachelor of Science,6,2016,NA,6
3613475,Klostermann,Silke,sk45rkly@studserv.uni-leipzig.de,Informatik,Bachelor of Science,6,2014,2017,6
2355955,Mueller,Stefanie,sm17ryda@studserv.uni-leipzig.de,Informatik,Bachelor of Science,6,2014,2018,7
3149685,Huebner,Barbara,bh63spjl@studserv.uni-leipzig.de,Informatik,Bachelor of Science,6,2014,2017,6
3531117,Kuehl,Ernst,ek72ragu@studserv.uni-leipzig.de,Informatik,Bachelor of Science,6,2016,NA,6
2890948,Esser,Julia,je40wyky@studserv.uni-leipzig.de,Informatik,Master of Science,4,2015,2017,4
2399648,Grau,Rolf-Dieter,rg41fewp@studserv.uni-leipzig.de,Informatik,Master of Science,4,2014,2016,4
3729968,Starke,Horst,hs37iqbx@studserv.uni-leipzig.de,Informatik,Master of Science,4,2014,2016,4
2383120,Wirth,Nicole,nw34oing@studserv.uni-leipzig.de,Informatik,Master of Science,4,2015,2017,4
3195563,Petersen,Richard,rp22jkpq@studserv.uni-leipzig.de,Informatik,Master of Science,4,2015,2017,4
2428059,Rottmann,Isabella,ir56ymzg@studserv.uni-leipzig.de,Informatik,Master of Science,4,2015,2017,4
3531365,Jahn,Susanne,sj50aufr@studserv.uni-leipzig.de,Informatik,Master of Science,4,2015,2018,5
2977409,Lang,Rainer,rl36lszj@studserv.uni-leipzig.de,Informatik,Master of Science,4,2015,2018,5
2551907,Bock,Doris,db60coxm@studserv.uni-leipzig.de,Informatik,Master of Science,4,2016,2018,4
3384590,Forster,Tino,tf46odxc@studserv.uni-leipzig.de,Informatik,Master of Science,4,2016,2018,4
2796538,Schreck,Andreas,as47gsnq@studserv.uni-leipzig.de,Informatik,Master of Science,4,2015,2017,4
3112895,Ullrich,Jutta,ju92qpsf@studserv.uni-leipzig.de,Informatik,Master of Science,4,2014,2016,4
3124020,Maisch,Anna-Marie,am75uyet@studserv.uni-leipzig.de,Informatik,Master of Science,4,2014,2016,4
3454313,Schaefer,Sarah,ss47uvrr@studserv.uni-leipzig.de,Informatik,Master of Science,4,2014,2017,5
3454563,Berner,Yvonne,yb5zptc@studserv.uni-leipzig.de,Informatik,Master of Science,4,2016,2018,4
3148771,Ehrlich,Thomas,te43ypvn@studserv.uni-leipzig.de,Informatik,Master of Science,4,2014,2016,4
3877225,Schulz,Uwe,us49pkgz@studserv.uni-leipzig.de,Informatik,Master of Science,4,2016,2018,4
3039433,Weber,Stefanie,sw54rviy@studserv.uni-leipzig.de,Informatik,Master of Science,4,2016,2018,4
3894672,Leder,Hans-Juergen,hl25mbdt@studserv.uni-leipzig.de,Informatik,Master of Science,4,2014,2016,4
3741473,Richter,Monika,mr36bnwe@studserv.uni-leipzig.de,Informatik,Master of Science,4,2016,2018,4
2751871,Hoffmann,Barbara,bh75qski@studserv.uni-leipzig.de,Lehramt an Gymnasien Informatik,Staatsexamen,10,2016,NA,6
2626805,Jungmann,Ernst,ej72swgu@studserv.uni-leipzig.de,Lehramt an Gymnasien Informatik,Staatsexamen,10,2016,NA,6
2766131,Ziegler,Marion,mz98expq@studserv.uni-leipzig.de,Lehramt an Gymnasien Informatik,Staatsexamen,10,2016,NA,6
3183654,Brunner,Wolfgang,wb36ecwu@studserv.uni-leipzig.de,Lehramt an Gymnasien Informatik,Staatsexamen,10,2015,NA,8
3370698,Schaller,Horst,hs10bhtk@studserv.uni-leipzig.de,Lehramt an Gymnasien Informatik,Staatsexamen,10,2015,NA,8
3648162,Strasser,Nicole,ns40sytz@studserv.uni-leipzig.de,Lehramt an Gymnasien Informatik,Staatsexamen,10,2016,NA,6
2360054,Koerner,Emma,ek34dxtd@studserv.uni-leipzig.de,Lehramt an Gymnasien Informatik,Staatsexamen,10,2014,NA,10
3239718,Muench,Maria,mm75bkso@studserv.uni-leipzig.de,Lehramt an Gymnasien Informatik,Staatsexamen,10,2016,NA,6
3829731,Haas,Susanne,sh77flgy@studserv.uni-leipzig.de,Lehramt an Gymnasien Informatik,Staatsexamen,10,2015,NA,8
2820783,Hierl,Rainer,rh42fehg@studserv.uni-leipzig.de,Lehramt an Gymnasien Informatik,Staatsexamen,10,2016,NA,6
2555353,Ebert,Ursula,ue75hyaa@studserv.uni-leipzig.de,Lehramt an Gymnasien Informatik,Staatsexamen,10,2014,NA,10
2860166,Guhl,Guenter,gg17lxhl@studserv.uni-leipzig.de,Informatik,Bachelor of Science,6,2014,2018,7
3173296,Volkmann,Willi,wv16nvps@studserv.uni-leipzig.de,Informatik,Bachelor of Science,6,2014,2018,7
2522516,Behrendt,Christian,cb82gibh@studserv.uni-leipzig.de,Informatik,Bachelor of Science,6,2016,NA,6
2698449,Oberlaender,Hans-Ulrich,ho20ytum@studserv.uni-leipzig.de,Informatik,Bachelor of Science,6,2014,2017,6
3850170,Sauer,Erika,es43rsbc@studserv.uni-leipzig.de,Informatik,Bachelor of Science,6,2015,2018,6
2514733,Koenig,Anja,ak85nwdx@studserv.uni-leipzig.de,Informatik,Bachelor of Science,6,2016,NA,6
3343709,Meyer,Arno,am72zmzh@studserv.uni-leipzig.de,Informatik,Bachelor of Science,6,2016,NA,6
3189626,Buecker,Waltraut,wb46wowp@studserv.uni-leipzig.de,Informatik,Bachelor of Science,6,2016,NA,6
2845675,Fuhr,Heinz,hf97dmce@studserv.uni-leipzig.de,Informatik,Bachelor of Science,6,2014,2018,8
3589297,Stier,Johann,js42pdir@studserv.uni-leipzig.de,Informatik,Bachelor of Science,6,2015,2018,6
2637085,Wulf,Luise,lw24nulr@studserv.uni-leipzig.de,Informatik,Bachelor of Science,6,2014,2017,6
3878392,Mehnert,Artur,am15dbqc@studserv.uni-leipzig.de,Informatik,Bachelor of Science,6,2015,2018,6
2764147,Reimann,Renate,rr75ajhc@studserv.uni-leipzig.de,Informatik,Bachelor of Science,6,2015,2018,6
2424056,Hermes,Elfriede,eh44xbjj@studserv.uni-leipzig.de,Informatik,Bachelor of Science,6,2016,NA,6
3218234,Lehmann,Albert,al69aisw@studserv.uni-leipzig.de,Informatik,Bachelor of Science,6,2016,NA,6
2478222,Sieber,Alexander,as30ssxw@studserv.uni-leipzig.de,Informatik,Bachelor of Science,6,2016,NA,6
3349420,Weitzel,Kurt,kw9gdgc@studserv.uni-leipzig.de,Informatik,Bachelor of Science,6,2014,2018,7
3081568,Middendorf,Werner,wm66phtd@studserv.uni-leipzig.de,Informatik,Bachelor of Science,6,2016,NA,6
3802238,Riemann,Christine,cr89gyhl@studserv.uni-leipzig.de,Informatik,Bachelor of Science,6,2014,2018,7
3867021,Holz,Anja,ah36qycu@studserv.uni-leipzig.de,Informatik,Bachelor of Science,6,2014,2017,6
2394070,Kayser,Gustav,gk14dxpo@studserv.uni-leipzig.de,Informatik,Bachelor of Science,6,2015,2018,6
3652343,Boecker,Jacqueline,jb85hraz@studserv.uni-leipzig.de,Informatik,Bachelor of Science,6,2014,2018,8
3597191,Friedrich,Guenter,gf38hkug@studserv.uni-leipzig.de,Informatik,Bachelor of Science,6,2015,2018,6
3272791,Schlegel,Johann,js40sqdy@studserv.uni-leipzig.de,Informatik,Bachelor of Science,6,2014,2018,7
3014873,Theil,Luise,lt42bdaq@studserv.uni-leipzig.de,Informatik,Bachelor of Science,6,2016,NA,6
3478046,Linder,Peter,pl91gqjg@studserv.uni-leipzig.de,Informatik,Bachelor of Science,6,2015,2018,6
3428515,Roemer,Erika,er56oqdg@studserv.uni-leipzig.de,Lehramt an Gymnasien Informatik,Staatsexamen,10,2016,NA,6
2419134,Goehring,Sevim,sg54jutj@studserv.uni-leipzig.de,Lehramt an Gymnasien Informatik,Staatsexamen,10,2015,NA,8
2804376,Hofer,Albert,ah66ezts@studserv.uni-leipzig.de,Lehramt an Gymnasien Informatik,Staatsexamen,10,2015,NA,8
3445008,Arndt,Sybille,sa61karr@studserv.uni-leipzig.de,Lehramt an Gymnasien Informatik,Staatsexamen,10,2016,NA,6
3769576,Doering,Heinz,hd73vaug@studserv.uni-leipzig.de,Lehramt an Gymnasien Informatik,Staatsexamen,10,2015,NA,8
3082695,Weiss,Bruno,bw45xebq@studserv.uni-leipzig.de,Lehramt an Gymnasien Informatik,Staatsexamen,10,2014,NA,10
2499624,Becker,Anette,ab14irss@studserv.uni-leipzig.de,Lehramt an Gymnasien Informatik,Staatsexamen,10,2014,NA,10
3330552,Schmidt,Andreas,as2kgqv@studserv.uni-leipzig.de,Lehramt an Gymnasien Informatik,Staatsexamen,10,2014,NA,10
3224911,Seewald,Jutta,js94kuxl@studserv.uni-leipzig.de,Lehramt an Gymnasien Informatik,Staatsexamen,10,2014,NA,10
2486230,Krause,Melanie,mk59widv@studserv.uni-leipzig.de,Lehramt an Gymnasien Informatik,Staatsexamen,10,2016,NA,6
3751218,Moeller,Ramona,rm73rqdh@studserv.uni-leipzig.de,Lehramt an Gymnasien Informatik,Staatsexamen,10,2016,NA,6
3471063,Engelbrecht,Marietta,me24hnfm@studserv.uni-leipzig.de,Informatik,Bachelor of Science,6,2015,2018,6
3797131,Hamann,Christian,ch92vcvy@studserv.uni-leipzig.de,Informatik,Bachelor of Science,6,2015,2018,6
2988676,Suess,Robert,rs82qujx@studserv.uni-leipzig.de,Informatik,Bachelor of Science,6,2014,2018,7
3488794,Adler,Friedhelm,fa1bbhl@studserv.uni-leipzig.de,Informatik,Bachelor of Science,6,2015,2018,6
2388677,Pawlowski,Helmut,hp90jrhd@studserv.uni-leipzig.de,Informatik,Bachelor of Science,6,2016,NA,6
2537476,Scheuermann,Martina,ms13ihfe@studserv.uni-leipzig.de,Informatik,Bachelor of Science,6,2015,2018,6
3850850,Kiefer,Silke,sk38femp@studserv.uni-leipzig.de,Informatik,Bachelor of Science,6,2016,NA,6
2489800,Koslowski,Michaela,mk36wchk@studserv.uni-leipzig.de,Informatik,Bachelor of Science,6,2015,2018,6
3590920,Cornelius,Siglinde,sc7brlz@studserv.uni-leipzig.de,Informatik,Bachelor of Science,6,2014,2018,8
3555811,Hahn,Karl,kh69sszz@studserv.uni-leipzig.de,Informatik,Bachelor of Science,6,2016,NA,6
3922865,Herter,Harald,hh85rukt@studserv.uni-leipzig.de,Informatik,Bachelor of Science,6,2016,NA,6
3461026,Koch,Guenther,gk47rgcy@studserv.uni-leipzig.de,Informatik,Bachelor of Science,6,2014,2018,7
2619123,Buerger,Klaus,kb60wdge@studserv.uni-leipzig.de,Informatik,Bachelor of Science,6,2015,2018,6
2738596,Gruber,Birgit,bg98refw@studserv.uni-leipzig.de,Informatik,Bachelor of Science,6,2014,2018,8
3508719,Schwandt,Rita,rs4hnvv@studserv.uni-leipzig.de,Informatik,Bachelor of Science,6,2014,2017,6
3641537,Wegner,Anna,aw41gxgz@studserv.uni-leipzig.de,Informatik,Bachelor of Science,6,2015,2018,6
3684736,Mueller,Monika,mm55kjna@studserv.uni-leipzig.de,Informatik,Bachelor of Science,6,2016,NA,6
2359179,Schmid,Dieter,ds10ptqv@studserv.uni-leipzig.de,Informatik,Bachelor of Science,6,2016,NA,6
3507233,Haensch,Joachim,jh60lrde@studserv.uni-leipzig.de,Informatik,Bachelor of Science,6,2015,2018,6
3015658,Kaden,Vera,vk99ycfm@studserv.uni-leipzig.de,Informatik,Bachelor of Science,6,2016,NA,6
3694017,Beck,Wolfgang,wb57czys@studserv.uni-leipzig.de,Informatik,Bachelor of Science,6,2014,2018,7
2816493,Ehrhardt,Gisela,ge83cwio@studserv.uni-leipzig.de,Informatik,Bachelor of Science,6,2016,NA,6
3200789,Scheel,Ulrike,us48ijiv@studserv.uni-leipzig.de,Informatik,Bachelor of Science,6,2016,NA,6
3039995,Strauch,Stephan,ss80uodv@studserv.uni-leipzig.de,Informatik,Bachelor of Science,6,2015,2018,6
3186973,Lehner,Magdalene,ml36lcrf@studserv.uni-leipzig.de,Informatik,Bachelor of Science,6,2016,NA,6
2698522,Ott,Hans-Jochen,ho91lmmp@studserv.uni-leipzig.de,Informatik,Bachelor of Science,6,2016,NA,6
3684147,Kluge,Winfried,wk10yomz@studserv.uni-leipzig.de,Informatik,Bachelor of Science,6,2016,NA,6
3314611,Mattes,Helmuth,hm24ynpo@studserv.uni-leipzig.de,Informatik,Master of Science,4,2014,2017,6
3408971,Friedrich,Josef,jf62shti@studserv.uni-leipzig.de,Informatik,Master of Science,4,2014,2017,5
2889956,Hennig,Anneliese,ah27nhek@studserv.uni-leipzig.de,Informatik,Master of Science,4,2016,2018,4
3821093,Volz,Hilde,hv33lali@studserv.uni-leipzig.de,Informatik,Master of Science,4,2014,2016,4
3689810,Beil,Liselotte,lb98wdsn@studserv.uni-leipzig.de,Informatik,Master of Science,4,2015,2017,4
3014776,Redlich,Ingrid,ir42nlfg@studserv.uni-leipzig.de,Informatik,Master of Science,4,2014,2016,4
3571598,Schuhmann,Kurt,ks91anzq@studserv.uni-leipzig.de,Informatik,Master of Science,4,2014,2016,4
3705308,Koester,Jens,jk88dtuj@studserv.uni-leipzig.de,Informatik,Master of Science,4,2015,2017,4
3494474,Lange,Gottfried,gl96lrvq@studserv.uni-leipzig.de,Informatik,Master of Science,4,2015,2018,6
2638797,Ecker,Juergen,je6jkyx@studserv.uni-leipzig.de,Informatik,Master of Science,4,2014,2017,6
2859106,Hiller,Inge,ih76oqdi@studserv.uni-leipzig.de,Informatik,Master of Science,4,2016,2018,4
2378843,Theis,Silvia,st42xtxu@studserv.uni-leipzig.de,Informatik,Master of Science,4,2016,2018,4
2511879,Wuttke,Margit,mw89sqty@studserv.uni-leipzig.de,Informatik,Master of Science,4,2014,2016,4
3292800,Ochs,Sabine,so94vbmk@studserv.uni-leipzig.de,Informatik,Master of Science,4,2015,2017,4
3619158,Schneider,Franz,fs13pugh@studserv.uni-leipzig.de,Informatik,Master of Science,4,2014,2016,4
2978757,Christ,Josef,jc91pgua@studserv.uni-leipzig.de,Informatik,Master of Science,4,2015,2017,4
3839605,Hamann,Anneliese,ah56cuey@studserv.uni-leipzig.de,Informatik,Master of Science,4,2015,2017,4
3748078,Szymanski,Horst,hs90bukp@studserv.uni-leipzig.de,Informatik,Master of Science,4,2014,2016,4
2988470,Ahrens,Karen,ka52fxdw@studserv.uni-leipzig.de,Informatik,Master of Science,4,2016,2018,4
2831881,Mielke,Ingrid,im53wtjg@studserv.uni-leipzig.de,Informatik,Master of Science,4,2016,2018,4
2735321,Ring,Harold,hr23siow@studserv.uni-leipzig.de,Lehramt an Gymnasien Informatik,Staatsexamen,10,2016,NA,6
3315708,Hochmuth,Erhard,eh6ptam@studserv.uni-leipzig.de,Lehramt an Gymnasien Informatik,Staatsexamen,10,2015,NA,8
3415258,Kowalski,Christof,ck78jaxj@studserv.uni-leipzig.de,Lehramt an Gymnasien Informatik,Staatsexamen,10,2016,NA,6
3073199,Boehme,Juergen,jb43pwbn@studserv.uni-leipzig.de,Lehramt an Gymnasien Informatik,Staatsexamen,10,2015,NA,8
2993779,Exner,Inge,ie31pkxk@studserv.uni-leipzig.de,Lehramt an Gymnasien Informatik,Staatsexamen,10,2015,NA,8
3087188,Siegert,Hilde,hs43vdjp@studserv.uni-leipzig.de,Lehramt an Gymnasien Informatik,Staatsexamen,10,2016,NA,6
3908938,Werner,Elsbeth,ew32ojyf@studserv.uni-leipzig.de,Lehramt an Gymnasien Informatik,Staatsexamen,10,2015,NA,8
3632794,Mueller,Sabine,sm85pscv@studserv.uni-leipzig.de,Informatik,Bachelor of Science,6,2014,2017,6
3365018,Philipp,Franz,fp49aqsw@studserv.uni-leipzig.de,Wirtschaftsinformatik,Bachelor of Science,6,2016,NA,6
3315806,Hartwig,Jens,jh38pedg@studserv.uni-leipzig.de,Wirtschaftsinformatik,Bachelor of Science,6,2015,2018,6
2447709,Krueger,Emil,ek55pcuu@studserv.uni-leipzig.de,Wirtschaftsinformatik,Bachelor of Science,6,2016,NA,6
3689986,Geier,Stefan,sg11pfqy@studserv.uni-leipzig.de,Wirtschaftsinformatik,Bachelor of Science,6,2016,NA,6
2383851,Hildebrand,Helene,hh50peoc@studserv.uni-leipzig.de,Wirtschaftsinformatik,Bachelor of Science,6,2014,2018,8
3549467,Zimmer,Gertraud,gz34tmun@studserv.uni-leipzig.de,Wirtschaftsinformatik,Bachelor of Science,6,2015,2018,6
3498680,Butz,Danuta,db17gigm@studserv.uni-leipzig.de,Wirtschaftsinformatik,Bachelor of Science,6,2014,2017,6
2932142,Resch,Marianne,mr22nvib@studserv.uni-leipzig.de,Wirtschaftsinformatik,Bachelor of Science,6,2014,2017,6
2561022,Schumacher,Friedrich,fs21aaoc@studserv.uni-leipzig.de,Informatik,Bachelor of Science,6,2016,NA,6
3792719,Koester,Bianca,bk10jefo@studserv.uni-leipzig.de,Informatik,Bachelor of Science,6,2015,2018,6
3217144,Merz,Manfred,mm52ufim@studserv.uni-leipzig.de,Informatik,Bachelor of Science,6,2014,2018,8
2442371,Engelmann,Frank,fe42ofcw@studserv.uni-leipzig.de,Informatik,Bachelor of Science,6,2014,2017,6
2606022,Hofmann,Sonja,sh57rkwz@studserv.uni-leipzig.de,Informatik,Bachelor of Science,6,2015,2018,6
3031121,Weiss,Bruno,bw85undg@studserv.uni-leipzig.de,Informatik,Bachelor of Science,6,2015,2018,6
2514389,Bitzer,Siegrid,sb15aagu@studserv.uni-leipzig.de,Informatik,Bachelor of Science,6,2014,2018,8
2753024,Pelz,Christa,cp15sbrn@studserv.uni-leipzig.de,Informatik,Bachelor of Science,6,2015,2018,6
3904934,Schoen,Norbert,ns85vgse@studserv.uni-leipzig.de,Informatik,Bachelor of Science,6,2016,NA,6
2704961,Kappes,Irene,ik16dtjq@studserv.uni-leipzig.de,Informatik,Bachelor of Science,6,2016,NA,6
2824223,Ley,Michael,ml85jbdv@studserv.uni-leipzig.de,Informatik,Bachelor of Science,6,2015,2018,6
2392807,Tietze,Arthur,at12cocz@studserv.uni-leipzig.de,Informatik,Bachelor of Science,6,2016,NA,6
2572267,Bartels,Karin,kb1jaew@studserv.uni-leipzig.de,Informatik,Bachelor of Science,6,2015,2018,6
3232792,Sauer,Ulrike,us40lwol@studserv.uni-leipzig.de,Informatik,Bachelor of Science,6,2015,2018,6
2453644,Schneller,Janus,js51wswh@studserv.uni-leipzig.de,Informatik,Bachelor of Science,6,2015,2018,6
3068970,Hornig,Kirsten,kh53gurd@studserv.uni-leipzig.de,Informatik,Bachelor of Science,6,2016,NA,6
3378204,Maurer,Manfred,mm10vbkp@studserv.uni-leipzig.de,Informatik,Bachelor of Science,6,2014,2017,6
3170900,Engelhardt,Stefan,se68dknf@studserv.uni-leipzig.de,Informatik,Bachelor of Science,6,2014,2017,6
3700949,Graeber,Anke,ag59mffg@studserv.uni-leipzig.de,Informatik,Bachelor of Science,6,2015,2018,6
3742007,Simon,Mario,ms96slxg@studserv.uni-leipzig.de,Informatik,Bachelor of Science,6,2014,2018,8
3187066,Wiesner,Petra,pw39zqto@studserv.uni-leipzig.de,Informatik,Bachelor of Science,6,2014,2017,6
2647326,Peters,Marianne,mp47dwbw@studserv.uni-leipzig.de,Informatik,Bachelor of Science,6,2014,2018,8
2809679,Rosin,Friedrich,fr75vzsk@studserv.uni-leipzig.de,Informatik,Bachelor of Science,6,2014,2017,6
3365595,Jaeger,Silke,sj20dixa@studserv.uni-leipzig.de,Informatik,Bachelor of Science,6,2016,NA,6
3662045,Kurz,Michael,mk56wwju@studserv.uni-leipzig.de,Informatik,Bachelor of Science,6,2014,2018,7
3022556,Brand,Bernd,bb26icgr@studserv.uni-leipzig.de,Informatik,Bachelor of Science,6,2016,NA,6
3363309,Fleischer,Sonja,sf54tvji@studserv.uni-leipzig.de,Informatik,Bachelor of Science,6,2015,2018,6
3218519,Arnold,Klaus,ka37iseg@studserv.uni-leipzig.de,Informatik,Master of Science,4,2016,2018,4
2997521,Denk,Birgit,bd75gggh@studserv.uni-leipzig.de,Informatik,Master of Science,4,2016,2018,4
3157792,Schlicht,Silvia,ss64plsq@studserv.uni-leipzig.de,Informatik,Master of Science,4,2014,2016,4
3150444,Wagner,Frieda,fw47nmvo@studserv.uni-leipzig.de,Informatik,Bachelor of Science,6,2015,2018,6
2505970,Kress,Elise,ek40cehg@studserv.uni-leipzig.de,Informatik,Bachelor of Science,6,2014,2018,7
2695921,Ott,Dieter,do7astj@studserv.uni-leipzig.de,Informatik,Bachelor of Science,6,2015,2018,6
2885644,Hartmann,Paul,ph29rvma@studserv.uni-leipzig.de,Informatik,Bachelor of Science,6,2014,2017,6
2839298,Klein,Guenther,gk54hdid@studserv.uni-leipzig.de,Informatik,Bachelor of Science,6,2016,NA,6
2446967,Weyer,Valentin,vw33fhmu@studserv.uni-leipzig.de,Informatik,Bachelor of Science,6,2015,2018,6
3037929,Bongartz,Gisela,gb33asiw@studserv.uni-leipzig.de,Informatik,Bachelor of Science,6,2014,2018,7
3913083,Schmidt,Rita,rs46cvqc@studserv.uni-leipzig.de,Informatik,Bachelor of Science,6,2016,NA,6
2688792,Seidel,Anna,as5ttyn@studserv.uni-leipzig.de,Informatik,Bachelor of Science,6,2016,NA,6
3097520,Kienle,Kristina,kk60ljwl@studserv.uni-leipzig.de,Informatik,Bachelor of Science,6,2016,NA,6
2749752,Lucas,Andreas,al30zvxi@studserv.uni-leipzig.de,Informatik,Bachelor of Science,6,2016,NA,6
3510110,Fuchs,Joachim,jf6fmwg@studserv.uni-leipzig.de,Informatik,Bachelor of Science,6,2016,NA,6
3768667,Huber,Ines,ih9rsia@studserv.uni-leipzig.de,Informatik,Bachelor of Science,6,2014,2017,6
2773893,Rapp,Daniela,dr91hjho@studserv.uni-leipzig.de,Informatik,Bachelor of Science,6,2014,2018,7
2908242,Schuelke,Anne,as30neiq@studserv.uni-leipzig.de,Informatik,Bachelor of Science,6,2016,NA,6
2385615,Klinger,Sabine,sk18urog@studserv.uni-leipzig.de,Informatik,Bachelor of Science,6,2016,NA,6
2386845,Mueller,Franz,fm97pepk@studserv.uni-leipzig.de,Informatik,Bachelor of Science,6,2016,NA,6
3585883,Fischer,Paul,pf57ktfo@studserv.uni-leipzig.de,Informatik,Bachelor of Science,6,2014,2017,6
2937673,Grundmann,Fritz,fg11rrom@studserv.uni-leipzig.de,Informatik,Bachelor of Science,6,2015,2018,6
3110490,Vogel,Klaus,kv75tmdu@studserv.uni-leipzig.de,Informatik,Bachelor of Science,6,2015,2018,6
2922716,Beer,Birgit,bb8mqjz@studserv.uni-leipzig.de,Informatik,Bachelor of Science,6,2016,NA,6
3783372,Nolden,Lidwina,ln68vqbd@studserv.uni-leipzig.de,Informatik,Bachelor of Science,6,2015,2018,6
2957270,Saller,Gertrud,gs48eayz@studserv.uni-leipzig.de,Informatik,Bachelor of Science,6,2014,2018,7
2972377,Jankowski,Monika,mj53ibvh@studserv.uni-leipzig.de,Informatik,Bachelor of Science,6,2015,2018,6
2555866,Merkel,Horst,hm52qspp@studserv.uni-leipzig.de,Informatik,Bachelor of Science,6,2015,2018,6
2965369,Bucher,Joachim,jb13arox@studserv.uni-leipzig.de,Informatik,Bachelor of Science,6,2016,NA,6
3205615,Fritzsche,Stephanie,sf94wgco@studserv.uni-leipzig.de,Informatik,Bachelor of Science,6,2014,2017,6
3472323,Stenzel,Wolfgang,ws75polo@studserv.uni-leipzig.de,Informatik,Master of Science,4,2014,2016,4
2410997,Wolf,Claudia,cw74nxpg@studserv.uni-leipzig.de,Informatik,Master of Science,4,2014,2016,4
3814934,Schuette,Walter,ws39lpzh@studserv.uni-leipzig.de,Informatik,Master of Science,4,2015,2018,6
2660628,Trautmann,Maria,mt72kkbv@studserv.uni-leipzig.de,Informatik,Master of Science,4,2015,2017,4
3622686,Maeder,Lidija,lm45oawz@studserv.uni-leipzig.de,Informatik,Master of Science,4,2015,2018,6
3499925,Puetz,Bernhard,bp68zynl@studserv.uni-leipzig.de,Informatik,Master of Science,4,2014,2016,4
3656941,Hermann,Sebastian,sh66buum@studserv.uni-leipzig.de,Informatik,Bachelor of Science,6,2015,2018,6
2938009,Koehler,Peter,pk93uacl@studserv.uni-leipzig.de,Informatik,Bachelor of Science,6,2014,2017,6
3705415,Barz,Josef,jb84zyed@studserv.uni-leipzig.de,Informatik,Bachelor of Science,6,2016,NA,6
3809816,Donath,Margarete,md3tnqb@studserv.uni-leipzig.de,Informatik,Bachelor of Science,6,2015,2018,6
2751210,Schmitt,Astrid,as76hxvg@studserv.uni-leipzig.de,Informatik,Bachelor of Science,6,2016,NA,6
2980854,Steiger,Isolde,is30czuk@studserv.uni-leipzig.de,Informatik,Bachelor of Science,6,2015,2018,6
2991691,Kuhlmann,Ingrid,ik99xrua@studserv.uni-leipzig.de,Informatik,Bachelor of Science,6,2016,NA,6
3802617,Nguyen,Hermann,hn88rwna@studserv.uni-leipzig.de,Informatik,Bachelor of Science,6,2016,NA,6
3075555,Freitag,Hans-Juergen,hf19oumh@studserv.uni-leipzig.de,Informatik,Bachelor of Science,6,2015,2018,6
3694297,Hellmuth,Arno,ah11vbtd@studserv.uni-leipzig.de,Informatik,Bachelor of Science,6,2015,2018,6
2801291,Wittek,Juergen,jw92emlp@studserv.uni-leipzig.de,Informatik,Bachelor of Science,6,2015,2018,6
2951157,Boehme,Inge,ib92vjxr@studserv.uni-leipzig.de,Informatik,Bachelor of Science,6,2015,2018,6
3920073,Gross,Daniel,dg13inkl@studserv.uni-leipzig.de,Informatik,Bachelor of Science,6,2014,2018,8
3579532,Kahl,Petra,pk64kqso@studserv.uni-leipzig.de,Informatik,Bachelor of Science,6,2016,NA,6
3366961,Wrobel,Marianne,mw40sndm@studserv.uni-leipzig.de,Informatik,Bachelor of Science,6,2014,2018,7
3747934,Buchmann,Otto,ob32shli@studserv.uni-leipzig.de,Informatik,Bachelor of Science,6,2014,2017,6
3603729,Reichert,Eva,er30kdgl@studserv.uni-leipzig.de,Informatik,Bachelor of Science,6,2015,2018,6
3632008,Schulz,Michael,ms55xloz@studserv.uni-leipzig.de,Informatik,Bachelor of Science,6,2014,2018,7
3639284,Mayer,Erna,em83ahwy@studserv.uni-leipzig.de,Informatik,Bachelor of Science,6,2015,2018,6
3789692,Fischer,Gerhard,gf32ysyp@studserv.uni-leipzig.de,Informatik,Bachelor of Science,6,2015,2018,6
2477102,Hack,Maike,mh10wimk@studserv.uni-leipzig.de,Informatik,Bachelor of Science,6,2016,NA,6
2697847,Walker,Christa,cw68usnp@studserv.uni-leipzig.de,Bioinformatik,Master of Science,4,2014,2016,4
2698462,Beck,Norbert,nb51rhvz@studserv.uni-leipzig.de,Informatik,Bachelor of Science,6,2015,2018,6
2593565,Oppermann,Jan,jo41fwgu@studserv.uni-leipzig.de,Informatik,Bachelor of Science,6,2014,2018,7
3112386,Schaffrath,Ali,as75rgso@studserv.uni-leipzig.de,Informatik,Bachelor of Science,6,2015,2018,6
2420966,Juengling,Josef,jj46qphl@studserv.uni-leipzig.de,Informatik,Bachelor of Science,6,2015,2018,6
2855748,Meyer,Anneliese,am22viyp@studserv.uni-leipzig.de,Informatik,Bachelor of Science,6,2016,NA,6
2406751,Helmer,Ivan,ih59ixyi@studserv.uni-leipzig.de,Informatik,Bachelor of Science,6,2015,2018,6
2822033,Lange,Gisela,gl91awjk@studserv.uni-leipzig.de,Informatik,Master of Science,4,2015,2017,4
3479178,Boerner,Beate,bb31kmho@studserv.uni-leipzig.de,Informatik,Master of Science,4,2014,2017,5
3038127,Freudenberg,Gabriele,gf38hctp@studserv.uni-leipzig.de,Informatik,Master of Science,4,2015,2018,5
2621600,Schulz,Grete,gs6ybig@studserv.uni-leipzig.de,Informatik,Master of Science,4,2014,2016,4
2572911,Vogel,Gerhard,gv33ywxu@studserv.uni-leipzig.de,Informatik,Bachelor of Science,6,2016,NA,6
2986175,Mueller,Rolf,rm49vnmx@studserv.uni-leipzig.de,Informatik,Bachelor of Science,6,2014,2017,6
2432350,Rauch,Agnes,ar82qogp@studserv.uni-leipzig.de,Lehramt an Gymnasien Informatik,Staatsexamen,10,2016,NA,6
3865186,Grunert,David,dg52ousp@studserv.uni-leipzig.de,Informatik,Bachelor of Science,6,2014,2017,6
2943676,Janssen,Helga,hj45hxoc@studserv.uni-leipzig.de,Informatik,Master of Science,4,2015,2017,4
3108187,Bauer,Ruth,rb54kjng@studserv.uni-leipzig.de,Informatik,Bachelor of Science,6,2016,NA,6
2537652,Ebel,Oliver,oe77fwhv@studserv.uni-leipzig.de,Wirtschaftsinformatik,Master of Science,4,2014,2016,4
3025640,Schneider,Gabi,gs59qtyg@studserv.uni-leipzig.de,Wirtschaftsinformatik,Bachelor of Science,6,2014,2017,6
2440086,Stock,Manfred,ms90rywe@studserv.uni-leipzig.de,Wirtschaftsinformatik,Bachelor of Science,6,2016,NA,6
3407404,Lambertz,Istvan,il62uyqp@studserv.uni-leipzig.de,Wirtschaftsinformatik,Bachelor of Science,6,2016,NA,6
2994539,Nolting,Annemarie,an81kphp@studserv.uni-leipzig.de,Wirtschaftsinformatik,Bachelor of Science,6,2015,2018,6
3713417,Zwick,Beate,bz29ojjl@studserv.uni-leipzig.de,Wirtschaftsinformatik,Bachelor of Science,6,2015,2018,6
3450112,Burger,Christa,cb96sazs@studserv.uni-leipzig.de,Informatik,Bachelor of Science,6,2015,2018,6
3099551,Schenk,Ursula,us36kmcq@studserv.uni-leipzig.de,Wirtschaftsinformatik,Bachelor of Science,6,2015,2018,6
2544297,Vogel,Dieter,dv75mwkf@studserv.uni-leipzig.de,Informatik,Bachelor of Science,6,2015,2018,6
2839186,Kopf,Rolf,rk30ufqg@studserv.uni-leipzig.de,Informatik,Bachelor of Science,6,2014,2018,7
3124707,Neumann,Gerlinde,gn78zxna@studserv.uni-leipzig.de,Informatik,Master of Science,4,2014,2017,5
2873039,Hahn,Wolfgang,wh40vdza@studserv.uni-leipzig.de,Informatik,Bachelor of Science,6,2016,NA,6
3661967,Hinrichsen,Traudel,th60tkij@studserv.uni-leipzig.de,Informatik,Bachelor of Science,6,2014,2018,7
2994137,Werner,Ruth,rw8wdku@studserv.uni-leipzig.de,Informatik,Master of Science,4,2015,2017,4
3204181,Blum,Christoph,cb44hpev@studserv.uni-leipzig.de,Informatik,Master of Science,4,2015,2017,4
3586311,Schmidt,Maria,ms49afca@studserv.uni-leipzig.de,Informatik,Master of Science,4,2016,2018,4
3936085,Senft,Gerhard,gs2ftxh@studserv.uni-leipzig.de,Informatik,Bachelor of Science,6,2016,NA,6
2560966,Kremer,Heinrich,hk69owhx@studserv.uni-leipzig.de,Wirtschaftsinformatik,Bachelor of Science,6,2016,NA,6
3662657,Mueller,Annemarie,am19cxzt@studserv.uni-leipzig.de,Lehramt an Gymnasien Informatik,Staatsexamen,10,2016,NA,6
2388695,Happel,Ricarda,rh32show@studserv.uni-leipzig.de,Lehramt an Gymnasien Informatik,Staatsexamen,10,2016,NA,6
2994475,Brinkmann,Charlotte,cb46tumj@studserv.uni-leipzig.de,Lehramt an Gymnasien Informatik,Staatsexamen,10,2016,NA,6
2628926,Gaul,Sabrina,sg77eyye@studserv.uni-leipzig.de,Bioinformatik,Master of Science,4,2014,2018,8
3560306,Storch,Ingrid,is78zswv@studserv.uni-leipzig.de,Bioinformatik,Master of Science,4,2016,2018,4
3492190,Zimmer,Kurt,kz46wgfy@studserv.uni-leipzig.de,Bioinformatik,Master of Science,4,2015,2018,5
3774109,Menges,Emin,em37opqd@studserv.uni-leipzig.de,Wirtschaftsinformatik,Bachelor of Science,6,2016,NA,6
3563269,Reischl,Tobias,tr25beil@studserv.uni-leipzig.de,Bioinformatik,Master of Science,4,2015,2018,5
2393113,Heuser,Juergen,jh47crho@studserv.uni-leipzig.de,Bioinformatik,Master of Science,4,2015,2017,4
3874487,Koenig,Inge,ik46qyrv@studserv.uni-leipzig.de,Bioinformatik,Master of Science,4,2016,2018,4
2982600,Bier,Bettina,bb10vdus@studserv.uni-leipzig.de,Informatik,Bachelor of Science,6,2015,2018,6
3918872,Emmerich,Hilde,he37qzwu@studserv.uni-leipzig.de,Wirtschaftsinformatik,Master of Science,4,2016,2018,4
2461286,Schulze,Sabine,ss41qgnz@studserv.uni-leipzig.de,Wirtschaftsinformatik,Bachelor of Science,6,2015,2018,6
3842886,Weiss,Franz,fw77tgwp@studserv.uni-leipzig.de,Informatik,Bachelor of Science,6,2016,NA,6
2948691,Lennartz,Harald,hl56waxa@studserv.uni-leipzig.de,Informatik,Bachelor of Science,6,2016,NA,6
3874177,Paul,Paul,pp83hwbq@studserv.uni-leipzig.de,Informatik,Bachelor of Science,6,2016,NA,6
3788843,Hoffmann,Klaus,kh58iqek@studserv.uni-leipzig.de,Informatik,Bachelor of Science,6,2014,2018,7
3821685,Kraus,Birgit,bk20zate@studserv.uni-leipzig.de,Wirtschaftsinformatik,Master of Science,4,2015,2017,4
3181579,Schroeder,Ingrid,is66kgup@studserv.uni-leipzig.de,Wirtschaftsinformatik,Bachelor of Science,6,2014,2017,6
3243780,Thomas,Kurt,kt17haol@studserv.uni-leipzig.de,Informatik,Bachelor of Science,6,2014,2018,7
2549111,Loew,Ewald,el67gyae@studserv.uni-leipzig.de,Informatik,Bachelor of Science,6,2014,2017,6
3232461,Rother,Peter,pr15lnmg@studserv.uni-leipzig.de,Informatik,Bachelor of Science,6,2015,2018,6
3787501,Hein,Juergen,jh61sviv@studserv.uni-leipzig.de,Informatik,Master of Science,4,2015,2017,4
2552169,Holz,Inge,ih56fhin@studserv.uni-leipzig.de,Wirtschaftsinformatik,Master of Science,4,2016,2018,4
2831365,Bachmann,Lieselotte,lb99kcft@studserv.uni-leipzig.de,Wirtschaftsinformatik,Bachelor of Science,6,2015,2018,6
2886393,Dick,Karola,kd96cktk@studserv.uni-leipzig.de,Wirtschaftsinformatik,Bachelor of Science,6,2015,2018,6
3657067,Schmidt,Sabine,ss1amve@studserv.uni-leipzig.de,Wirtschaftsinformatik,Bachelor of Science,6,2015,2018,6
3041815,Spieker,Franz,fs57yzaj@studserv.uni-leipzig.de,Informatik,Bachelor of Science,6,2014,2017,6
3540143,Martin,Anton,am2gmna@studserv.uni-leipzig.de,Informatik,Bachelor of Science,6,2015,2018,6
2816674,Paul,Theo,tp53rqhi@studserv.uni-leipzig.de,Informatik,Bachelor of Science,6,2014,2017,6
2832610,Fink,Horst-Dieter,hf1xmbc@studserv.uni-leipzig.de,Informatik,Bachelor of Science,6,2015,2018,6
2427498,Hummel,Birgit,bh72hhpm@studserv.uni-leipzig.de,Informatik,Bachelor of Science,6,2014,2017,6
3137802,Winkler,Silvia,sw21nvfa@studserv.uni-leipzig.de,Bioinformatik,Master of Science,4,2014,2017,6
2452537,Born,Hilde,hb14tgsc@studserv.uni-leipzig.de,Lehramt an Gymnasien Informatik,Staatsexamen,10,2015,NA,8
3246085,Voss,Marianne,mv31aqgm@studserv.uni-leipzig.de,Lehramt an Gymnasien Informatik,Staatsexamen,10,2014,NA,10
3776082,Alt,Otto,oa65qraf@studserv.uni-leipzig.de,Lehramt an Gymnasien Informatik,Staatsexamen,10,2015,NA,8
3231751,Pfau,Veronika,vp25dgtb@studserv.uni-leipzig.de,Wirtschaftspädagogik,Bachelor of Science,6,2016,NA,6
3314274,Schindler,Manfred,ms58nfko@studserv.uni-leipzig.de,Bioinformatik,Master of Science,4,2014,2016,4
3269168,Klein,Frank,fk44iext@studserv.uni-leipzig.de,Bioinformatik,Master of Science,4,2016,2018,4
2668150,Maier,Manuela,mm63kmyl@studserv.uni-leipzig.de,Informatik,Bachelor of Science,6,2016,NA,6
2886594,Debus,Torsten,td77wtjk@studserv.uni-leipzig.de,Wirtschaftsinformatik,Bachelor of Science,6,2014,2017,6
3008878,Hartmann,Carla,ch63xxza@studserv.uni-leipzig.de,Wirtschaftsinformatik,Bachelor of Science,6,2014,2018,7
3352244,Schwarz,Christa,cs70rnpr@studserv.uni-leipzig.de,Wirtschaftsinformatik,Bachelor of Science,6,2015,2018,6
2964297,Wieland,Norbert,nw1okfz@studserv.uni-leipzig.de,Wirtschaftsinformatik,Bachelor of Science,6,2016,NA,6
2471619,Moellmann,Manuela,mm2pife@studserv.uni-leipzig.de,Wirtschaftsinformatik,Bachelor of Science,6,2014,2017,6
3458531,Schmidt,Michael,ms60iemw@studserv.uni-leipzig.de,Wirtschaftsinformatik,Bachelor of Science,6,2015,2018,6
3230857,Huber,Josef,jh6kzji@studserv.uni-leipzig.de,Informatik,Bachelor of Science,6,2014,2017,6
2346317,Kern,Virginia,vk31biln@studserv.uni-leipzig.de,Informatik,Bachelor of Science,6,2015,2018,6
3803153,Bohlen,Josef,jb48jtvd@studserv.uni-leipzig.de,Informatik,Bachelor of Science,6,2015,2018,6
2558967,Fritz,Lilli,lf83savs@studserv.uni-leipzig.de,Informatik,Bachelor of Science,6,2015,2018,6
3432225,Mangold,Theresia,tm70tnhv@studserv.uni-leipzig.de,Wirtschaftsinformatik,Master of Science,4,2016,2018,4
2350704,Schaefer,Manfred,ms89rlez@studserv.uni-leipzig.de,Informatik,Bachelor of Science,6,2014,2018,7
2697228,Heise,Stefan,sh62rvrm@studserv.uni-leipzig.de,Wirtschaftsinformatik,Bachelor of Science,6,2014,2018,7
3191571,Kleinhans,Helene,hk95znil@studserv.uni-leipzig.de,Wirtschaftsinformatik,Bachelor of Science,6,2014,2017,6
3236513,Baumgartner,Sven,sb6bdyu@studserv.uni-leipzig.de,Informatik,Bachelor of Science,6,2014,2018,8
2372802,Dressler,Petra,pd21thtb@studserv.uni-leipzig.de,Informatik,Master of Science,4,2016,2018,4
3856535,Schulte,Marianne,ms9viit@studserv.uni-leipzig.de,Informatik,Master of Science,4,2015,2018,5
3130683,Utz,Otto,ou10mnjd@studserv.uni-leipzig.de,Informatik,Bachelor of Science,6,2016,NA,6
2904689,Kunz,Sonja,sk63gjjm@studserv.uni-leipzig.de,Informatik,Bachelor of Science,6,2016,NA,6
2895523,Preuss,Michael,mp14rzno@studserv.uni-leipzig.de,Informatik,Bachelor of Science,6,2014,2017,6
3173160,Grote,Frank,fg37kbjs@studserv.uni-leipzig.de,Wirtschaftsinformatik,Bachelor of Science,6,2015,2018,6
3455621,Jaeckel,Manuela,mj15oafp@studserv.uni-leipzig.de,Informatik,Bachelor of Science,6,2016,NA,6
2430940,Wolf,Josef,jw36mdep@studserv.uni-leipzig.de,Informatik,Bachelor of Science,6,2014,2018,8
3043109,Brueckner,Maria,mb91jmgl@studserv.uni-leipzig.de,Informatik,Bachelor of Science,6,2015,2018,6
3062645,Rutz,Christa,cr79erbx@studserv.uni-leipzig.de,Wirtschaftsmathematik,Diplom,9,2014,2018,8
2636152,Stein,Norbert,ns48uppu@studserv.uni-leipzig.de,Wirtschaftsinformatik,Master of Science,4,2015,2017,4
2804623,Prange,Natascha,np3vlnh@studserv.uni-leipzig.de,Wirtschaftsinformatik,Bachelor of Science,6,2016,NA,6
3739211,Schoenberger,Dieter,ds31qrmz@studserv.uni-leipzig.de,Wirtschaftsinformatik,Master of Science,4,2015,2017,4
3453414,Kuhn,Harald,hk38fhlu@studserv.uni-leipzig.de,Informatik,Bachelor of Science,6,2014,2017,6
2956688,Mueller,Roland,rm76ppex@studserv.uni-leipzig.de,Informatik,Bachelor of Science,6,2014,2018,8
3582878,Doehring,Hilmar,hd51zilw@studserv.uni-leipzig.de,Informatik,Bachelor of Science,6,2014,2017,6
3247027,Hennig,Gisela,gh99maxr@studserv.uni-leipzig.de,Informatik,Bachelor of Science,6,2017,NA,4
2969842,Timm,Rita,rt11noyx@studserv.uni-leipzig.de,Informatik,Bachelor of Science,6,2015,2018,6
3027376,Baier,Christa,cb55qzpc@studserv.uni-leipzig.de,Informatik,Bachelor of Science,6,2015,2018,6
3494349,Neuberger,Margrit,mn69smjo@studserv.uni-leipzig.de,Informatik,Bachelor of Science,6,2014,2017,6
3640678,Ruecker,Gerhard,gr45pejn@studserv.uni-leipzig.de,Informatik,Bachelor of Science,6,2016,NA,6
3508139,Koch,Joachim,jk92rxfp@studserv.uni-leipzig.de,Informatik,Bachelor of Science,6,2016,NA,6
3675899,Kuehnert,Annamaria,ak58wyhm@studserv.uni-leipzig.de,Informatik,Bachelor of Science,6,2014,2017,6
2646826,Breitenbach,Bjoern,bb58rcru@studserv.uni-leipzig.de,Informatik,Bachelor of Science,6,2016,NA,6
3419107,Frank,Helga,hf92hjlu@studserv.uni-leipzig.de,Informatik,Bachelor of Science,6,2015,2018,6
2683253,Sommer,Ulrike,us16ngft@studserv.uni-leipzig.de,Informatik,Bachelor of Science,6,2014,2018,7
2376791,Wimmer,Stephan,sw90dyhz@studserv.uni-leipzig.de,Informatik,Bachelor of Science,6,2016,NA,6
2603951,Bruemmer,Christl,cb95mjzx@studserv.uni-leipzig.de,Informatik,Bachelor of Science,6,2015,2018,6
3055690,Friese,Herbert,hf29fscc@studserv.uni-leipzig.de,Wirtschaftsinformatik,Bachelor of Science,6,2015,2018,6
3033538,Steiner,Wilfried,ws98yvbv@studserv.uni-leipzig.de,Informatik,Bachelor of Science,6,2016,NA,6
2368711,Wittmann,Achim,aw98ccji@studserv.uni-leipzig.de,Wirtschaftsinformatik,Master of Science,4,2015,2018,5
2974186,Matthies,Klaus,km55xmhc@studserv.uni-leipzig.de,Informatik,Bachelor of Science,6,2014,2017,6
2659955,Schlueter,Anna,as38crwr@studserv.uni-leipzig.de,Wirtschaftsinformatik,Bachelor of Science,6,2015,2018,6
2538534,Jung,Anita,aj47mhig@studserv.uni-leipzig.de,Informatik,Master of Science,4,2015,2017,4
2368411,Langer,Alexandra,al38uxji@studserv.uni-leipzig.de,Informatik,Master of Science,4,2016,2018,4
2415195,Bellmann,Rosmarie,rb70stlm@studserv.uni-leipzig.de,Informatik,Master of Science,4,2016,2018,4
3183854,Eckhardt,Dieter,de66wsow@studserv.uni-leipzig.de,Informatik,Bachelor of Science,6,2014,2018,8
2857005,Schulz,Matthias,ms64qcnc@studserv.uni-leipzig.de,Informatik,Bachelor of Science,6,2016,NA,6
3614611,Voss,Ulrich,uv45sbcl@studserv.uni-leipzig.de,Informatik,Bachelor of Science,6,2015,2018,6
2959925,Langer,Wolfgang,wl9jgwi@studserv.uni-leipzig.de,Mathematik,Diplom,10,2014,NA,10
3830777,Oertel,Gisela,go92dknj@studserv.uni-leipzig.de,Lehramt an Gymnasien Informatik,Staatsexamen,10,2014,NA,10
3450458,Hinz,Waltraud,wh14iwvu@studserv.uni-leipzig.de,Lehramt an Gymnasien Informatik,Staatsexamen,10,2016,NA,6
3927315,Dengler,Johann,jd41moqt@studserv.uni-leipzig.de,Lehramt an Gymnasien Informatik,Staatsexamen,10,2014,NA,10
2500329,Schumann,Birgit,bs40ohzv@studserv.uni-leipzig.de,Lehramt an Gymnasien Informatik,Staatsexamen,10,2014,NA,10
2889684,Hohmann,Eva,eh10pqpb@studserv.uni-leipzig.de,Lehramt an Gymnasien Informatik,Staatsexamen,10,2014,NA,10
3360912,Ziegler,Andrea,az50klkp@studserv.uni-leipzig.de,Wirtschaftspädagogik,Bachelor of Science,6,2014,2017,6
3887007,Steinert,Doris,ds8wuke@studserv.uni-leipzig.de,Wirtschaftsinformatik,Bachelor of Science,6,2015,2018,6
